,station_code,code,code2,code3,interchange,NS,SW,CC,EW,NE,BP,CE,DT,PW,TE,PE,CG,SE,name,totalTapIn,totalTapOut,Cluster,postal,x,y,lat,long,subzone,area,region,status,bus_interchange,mrt_interchange,svc,bus count,pop,hub,min_dist,nearest_hub,bus_rank,pop_rank,dist_rank,pop-bus_rank,code1
0,BP6/DT1,BP6,DT1,,TRUE,,,,,,6,,1,,,,,,Bukit Panjang,503763.25,540350.25,0,678213,20011.39812,40108.68377,1.379002116,103.7615351,Gombak,Bukit Batok,West,operational,TRUE,TRUE,"170A,974A,972A,176,180A,190A,963,961M,180,171,961,160,974,178,970,177,67,983,979,963R,973,972,187,190,963e,75,NR3,973A,960,972M,922,975C,920,184,975,976",36,9930,FALSE,5.529046359,Jurong East,0.869918699,0.504065041,0.650406504,-0.365853659,
40,CC10/DT26,CC10,DT26,,TRUE,,,10,,,,,26,,,,,,MacPherson,229332.25,218221.75,2,378956,34230.01048,34264.54353,1.326150245,103.8892986,Macpherson,Geylang,Central,operational,FALSE,TRUE,"24,155,135,154,70,80A,137,76,43,158,63A,65,43e,80,28,63,61,70A,70M,40,63M",21,28360,FALSE,6.287144607,Raffles Place,0.650406504,0.735772358,0.796747967,0.085365854,
80,CC11,CC11,,,FALSE,,,11,,,,,,,,,,,Tai Seng,222885.5,225728.5,1,534803,34128.79235,35258.74882,1.335141501,103.8883893,Tai Seng,Hougang,North-East,operational,FALSE,FALSE,"24,70,151,80A,76,58A,43,158,62A,90A,62,90,22,93,58B,80,28,70A,70M,58",20,13830,FALSE,6.624440279,Tampines,0.62195122,0.593495935,0.821138211,-0.028455285,
120,CC12,CC12,,,FALSE,,,12,,,,,,,,,,,Bartley,87827.5,75543.75,2,539788,33214.93397,36072.52553,1.342501178,103.8801779,Bidadari,Toa Payoh,Central,operational,FALSE,FALSE,"93,158,129,28",4,0,,,,,,,,
160,CC14,CC14,,,FALSE,,,14,,,,,,,,,,,Lorong Chuan,104689,100974.75,2,554533,31431.40547,37079.94437,1.351612171,103.8641519,Lorong Chuan,Serangoon,North-East,operational,FALSE,FALSE,"105,58",2,8490,FALSE,7.635612297,Raffles Place,0.052845528,0.463414634,0.910569106,0.410569106,
200,CC16,CC16,,,FALSE,,,16,,,,,,,,,,,Marymount,118507,114434.5,2,573993,28679.36877,36758.71365,1.348707263,103.8394231,Upper Thomson,Bishan,Central,operational,FALSE,FALSE,"163,130,167,851,54,165,410G,162M,74,52,162,855,852,132,166,410,410W,980",18,29390,FALSE,7.304788437,Raffles Place,0.56504065,0.756097561,0.886178862,0.191056911,
240,CC17/TE9,CC17,TE9,,TRUE,,,17,,,,,,,9,,,,Caldecott,74797,72068.75,0,297608,28761.5758,35491.34314,1.337245613,103.8401618,Toa Payoh West,Toa Payoh,Central,operational,FALSE,TRUE,"141,235",2,14360,FALSE,6.038770778,Raffles Place,0.052845528,0.613821138,0.723577236,0.56097561,
280,CC19/DT9,CC19,DT9,,TRUE,,,19,,,,,9,,,,,,Botanic Gardens,77084,83539.75,2,257494,25959.6005,33818.14422,1.322113736,103.8149845,Tyersall,Tanglin,Central,operational,FALSE,TRUE,"170A,186,153,154,151,48,67,156",8,3880,FALSE,5.8554404,Raffles Place,0.223577236,0.390243902,0.699186992,0.166666667,
320,CC2,CC2,,,FALSE,,,2,,,,,,,,,,,Bras Basah,49258.75,52827.75,2,189561,29930.76738,31025.9016,1.296861686,103.8506674,Bras Basah,Museum,Central,operational,FALSE,FALSE,"130,147,850E,124,147A,162M,7A,12,131,502,2A,133,32,111,656,851,16,665,162,660,33,166,36,16M,857,851e,502A,167,190,174,652,51,175,14A,518,80,63,951E,77,960,174e,131A,61,14e,7,145,857B,12e,106,36B,960e,2,36A,197,518A,663,14",57,10,FALSE,1.418937125,Raffles Place,0.991869919,0.032520325,0.146341463,-0.959349593,
360,CC20,CC20,,,FALSE,,,20,,,,,,,,,,,Farrer Road,72332.25,73231.5,2,268857,25113.2012,33301.26022,1.317439152,103.8073792,Farrer Court,Bukit Timah,Central,operational,FALSE,FALSE,"93,186,174,961,153,5N,165,855,48,961M",10,6180,FALSE,6.143011399,Raffles Place,0.296747967,0.414634146,0.74796748,0.117886179,
400,CC21,CC21,,,FALSE,,,21,,,,,,,,,,,Holland Village,106599.75,113445.75,2,278995,23891.21523,32726.41283,1.312240296,103.7963991,Leedon Park,Bukit Timah,Central,operational,FALSE,FALSE,"7,5N,106,75,NR8,165,970,7B,95,48,77,61",12,6440,FALSE,6.449275378,Jurong East,0.361788618,0.422764228,0.81300813,0.06097561,
440,CC22/EW21,CC22,EW21,,TRUE,,,22,21,,,,,,,,,,Buona Vista,305493.5,279576.75,2,139345,23207.2578,32171.7151,1.307223708,103.7902535,One North,Queenstown,Central,operational,TRUE,TRUE,"92B,147,95B,196,111,105,92M,198,NR5,185,200A,NR8,100,74,200,191,92,91,106,95,92A,14",22,720,FALSE,6.061857011,Jurong East,0.678861789,0.24796748,0.731707317,-0.430894309,
480,CC23,CC23,,,FALSE,,,23,,,,,,,,,,,one-north,132341.25,128568.75,1,138647,22896.07281,31346.4081,1.299759875,103.7874575,One North,Queenstown,Central,operational,FALSE,FALSE,"191,91",2,720,FALSE,6.245205184,Jurong East,0.052845528,0.24796748,0.772357724,0.195121951,
520,CC24,CC24,,,FALSE,,,24,,,,,,,,,,,Kent Ridge,239850.5,230404,1,118177,22575.01071,30657.93329,1.293533499,103.7845727,National University Of S'Pore,Queenstown,Central,operational,FALSE,FALSE,"166,92,92B,33A,97,200A,963e,200,92A,95,95B,963,33,197,14",15,240,FALSE,6.442487103,Jurong East,0.479674797,0.182926829,0.804878049,-0.296747967,
560,CC25,CC25,,,FALSE,,,25,,,,,,,,,,,Haw Par Villa,91745.25,85259.75,2,117396,22261.1431,29445.80204,1.282571358,103.7817527,Pasir Panjang 1,Queenstown,Central,operational,FALSE,FALSE,"30,200A,51,176,175,200,10,143,188,30e",10,4510,FALSE,7.133194912,Jurong East,0.296747967,0.398373984,0.87804878,0.101626016,
600,CC26,CC26,,,FALSE,,,26,,,,,,,,,,,Pasir Panjang,71427,75581.25,1,117424,23329.26471,28742.76576,1.276213522,103.7913503,Port,Queenstown,Central,operational,FALSE,FALSE,"30,51,176,188e,175,10,143,188,30e",9,120,FALSE,6.740080252,Raffles Place,0.25203252,0.146341463,0.853658537,-0.105691057,
640,CC27,CC27,,,FALSE,,,27,,,,,,,,,,,Labrador Park,49590.25,51106.25,1,109029,24584.77505,28304.9441,1.272254177,103.8026316,Maritime Square,Bukit Merah,Central,operational,FALSE,FALSE,"166,93,30,57,97,963,51,176,100,175,10,120,143,188,30e,61",16,3620,FALSE,5.586505633,Raffles Place,0.520325203,0.365853659,0.658536585,-0.154471545,
680,CC28,CC28,,,FALSE,,,28,,,,,,,,,,,Telok Blangah,54512.5,53591,0,109028,25378.2908,28133.79905,1.270706477,103.8097616,Maritime Square,Bukit Merah,Central,operational,FALSE,FALSE,"143,93,166,30,57,61,97,963,176,100,124,10,120,97e,188R,188,963R",17,3620,FALSE,4.86991539,Raffles Place,0.548780488,0.365853659,0.56097561,-0.182926829,
720,CC3,CC3,,,FALSE,,,3,,,,,,,,,,,Esplanade,76862,67622,2,189562,30421.99348,30671.62777,1.293657725,103.8550812,City Hall,Downtown Core,Central,operational,FALSE,FALSE,"130,850E,162M,107M,70,502,131,961M,196A,133,196,111,56,656,961,665,162,660,36,16M,857,502A,167,652,100,10e,518,10,196e,951E,77,960,14e,131A,107,57,857B,106,36B,960e,16,518A,663,14",44,80,FALSE,1.133726852,Raffles Place,0.93495935,0.12601626,0.113821138,-0.808943089,
760,CC4/DT15,CC4,DT15,,TRUE,,,4,,,,,15,,,,,,Promenade,170624.25,179801.5,2,39193,31008.36188,30709.25781,1.293997986,103.86035,Marina Centre,Downtown Core,Central,operational,TRUE,TRUE,"97,162M,107M,502,97e,133,111,868E,36,857,502A,518,857B,70A,106,70M,36B,36A,518A",19,10,FALSE,1.476950364,Raffles Place,0.589430894,0.032520325,0.170731707,-0.556910569,
800,CC5,CC5,,,FALSE,,,5,,,,,,,,,,,Nicoll Highway,52465,53374.5,2,38970,31374.16493,31347.15287,1.299766847,103.863637,Nicoll,Downtown Core,Central,operational,FALSE,FALSE,"196,70A,70M,70,14A,10,16,196A,16M,14",10,290,FALSE,2.20382304,Raffles Place,0.296747967,0.203252033,0.243902439,-0.093495935,
840,CC6,CC6,,,FALSE,,,6,,,,,,,,,,,Stadium,93102.25,95493.75,2,397692,32676.34771,31683.94076,1.302812468,103.8753377,Tanjong Rhu,Kallang,Central,operational,FALSE,FALSE,11,1,11110,FALSE,3.37082345,Raffles Place,0.016260163,0.544715447,0.382113821,0.528455285,
880,CC7,CC7,,,FALSE,,,7,,,,,,,,,,,Mountbatten,90921.5,93317,2,398006,33476.56343,32058.74185,1.306201905,103.8825281,Aljunied,Geylang,Central,operational,FALSE,FALSE,"196,30,11,158,14A,158A,12,196A,401,14",10,39990,FALSE,4.237082533,Raffles Place,0.296747967,0.886178862,0.487804878,0.589430894,
920,CC8,CC8,,,FALSE,,,8,,,,,,,,,,,Dakota,114832,101820,2,397973,34204.0253,32318.17446,1.308547984,103.8890647,Aljunied,Geylang,Central,operational,FALSE,FALSE,"32,30,33,33B,10,31,16,401,16M,30e",10,39990,FALSE,4.984850374,Raffles Place,0.296747967,0.886178862,0.577235772,0.589430894,
960,CE1/DT16,CE1,DT16,,TRUE,,,,,,,1,16,,,,,,Bayfront,282228,289490.75,2,18957,30867.00927,29368.62503,1.281873789,103.8590798,Bayfront Subzone,Downtown Core,Central,operational,FALSE,TRUE,"NR6,502A,97,106,NR1,518,502,97e,518A,133",10,0,,,,,,,,
1000,CG1/DT35,CG1,DT35,,TRUE,,,,,,,,35,,,,1,,Expo,132057.25,132488,2,485985,42362.60346,35285.70839,1.335382526,103.9623747,Xilin,Tampines,East,operational,FALSE,TRUE,"20,118,47",3,1760,FALSE,2.763834563,Tampines,0.089430894,0.321138211,0.317073171,0.231707317,
1040,CG2,CG2,,,FALSE,,,,,,,,,,,,2,,Changi Airport,101091.5,98673.25,2,819661,45201.32039,37729.19338,1.357478974,103.9878836,Changi Airport,Changi,East,operational,TRUE,FALSE,"53A,858,24,858B,27,53,110,34B,34,36",10,10,FALSE,4.773682429,Tampines,0.296747967,0.032520325,0.552845528,-0.264227642,
1080,DT10,DT10,,,FALSE,,,,,,,,10,,,,,,Stevens,70168,57205.25,2,257877,27188.22996,33591.66086,1.320065558,103.8260244,Nassim,Tanglin,Central,operational,FALSE,TRUE,"170A,105,190,972A,NR3,960e,NR2,190A,48,960,132,972M,67,972",14,9520,FALSE,4.895610882,Raffles Place,0.447154472,0.487804878,0.569105691,0.040650407,
1120,DT13,DT13,,,FALSE,,,,,,,,13,,,,,,Rochor,111988.75,115462.5,2,188505,30164.70185,31798.87668,1.303852185,103.8527694,Bencoolen,Rochor,Central,operational,FALSE,FALSE,"170A,131A,56,851e,166,57,851,23,960e,131,48,960,4N,2N,67,980",16,1310,FALSE,2.198307019,Raffles Place,0.520325203,0.296747967,0.235772358,-0.223577236,
1160,DT17,DT17,,,FALSE,,,,,,,,17,,,,,,Downtown,135764.75,135289,1,18969,30172.66881,29100.20877,1.279446382,103.8528408,Central Subzone,Downtown Core,Central,operational,FALSE,FALSE,"130,186,672,97,670,653,850E,651,671,70,131,97e,502,982E,196A,513,666,133,196,656,970,665,655,162,660,502A,167,652,75,100,661,10e,10,196e,951E,667,654,131A,107,57,668,657,106,400,663",45,880,FALSE,0.542423165,Raffles Place,0.943089431,0.264227642,0.048780488,-0.678861789,
1200,DT18,DT18,,,FALSE,,,,,,,,18,,,,,,Telok Ayer,132294.25,141547.5,1,48416,29706.12592,29390.19539,1.282068948,103.8486488,Chinatown,Outram,Central,operational,FALSE,FALSE,"130,186,850E,70,131,196,656,970,665,868E,162,660,167,652,75,100,10e,10,196e,951E,107,57,663",23,10490,FALSE,0.387403788,Raffles Place,0.719512195,0.520325203,0.040650407,-0.199186992,
1240,DT2,DT2,,,FALSE,,,,,,,,2,,,,,,Cashew,37019.25,29857.25,2,679696,20334.55891,39092.85854,1.369815449,103.7644392,Jelebu,Bukit Panjang,West,operational,FALSE,FALSE,"170A,961,184,176,75,178,970,177,963,961M,67",11,31310,FALSE,4.762761326,Jurong East,0.337398374,0.788617886,0.544715447,0.451219512,
1280,DT20,DT20,,,FALSE,,,,,,,,20,,,,,,Fort Canning,59072.5,62220.75,2,179038,29225.62761,30541.60877,1.292481948,103.8443314,Clarke Quay,Singapore River,Central,operational,FALSE,FALSE,"NR6,5N,195,139,2N,1N,32,195A,NR5,6N,NR8,64,NR3,NR2,4N,123,NR1,3N,143,54",20,130,FALSE,1.221342837,Raffles Place,0.62195122,0.158536585,0.130081301,-0.463414634,
1320,DT21,DT21,,,FALSE,,,,,,,,21,,,,,,Bencoolen,72228,67475,2,189658,29895.86395,31253.32587,1.298918434,103.8503538,Bencoolen,Rochor,Central,operational,FALSE,FALSE,"NR6,147,5N,850E,124,147A,162M,139,131,502,2N,1N,111,56,656,665,162,660,166,36,16M,857,502A,167,190,6N,174,652,65,64,175,518,951E,77,4N,174e,131A,14e,7,857B,106,3N,36B,16,518A,663,14",47,1310,FALSE,1.64949142,Raffles Place,0.955284553,0.296747967,0.203252033,-0.658536585,
1360,DT22,DT22,,,FALSE,,,,,,,,22,,,,,,Jalan Besar,80820.75,87332.5,0,208826,30445.85298,31944.74962,1.305171388,103.8552957,Sungei Road,Rochor,Central,operational,FALSE,FALSE,"170A,130,147,147A,139,2N,851,48,67,857,851e,64,65,23,960,4N,57,857B,960e",19,2050,FALSE,2.378679686,Raffles Place,0.589430894,0.333333333,0.284552846,-0.256097561,
1400,DT23,DT23,,,FALSE,,,,,,,,23,,,,,,Bendemeer,48946.25,49219,1,339356,31300.76761,32884.77092,1.313672528,103.8629776,Kallang Bahru,Kallang,Central,operational,FALSE,FALSE,"961,175,107M,961M,107,61",6,20,FALSE,3.52606839,Raffles Place,0.150406504,0.073170732,0.398373984,-0.077235772,
1440,DT24,DT24,,,FALSE,,,,,,,,24,,,,,,Geylang Bahru,74081.75,73595.5,0,339355,32262.86126,33728.31269,1.321301102,103.8716226,Geylang Bahru,Kallang,Central,operational,FALSE,FALSE,"26,853,175,107M,853M,140,107,61",8,11280,FALSE,4.702203235,Raffles Place,0.223577236,0.552845528,0.520325203,0.329268293,
1480,DT25,DT25,,,FALSE,,,,,,,,25,,,,,,Mattar,56477.25,59515.25,2,379314,33556.58344,34344.85853,1.326876715,103.8832475,Macpherson,Geylang,Central,operational,FALSE,FALSE,"155,135,154,158,65,40,63,63A,63M,61",10,28360,FALSE,5.923120648,Raffles Place,0.296747967,0.735772358,0.707317073,0.43902439,
1520,DT27,DT27,,,FALSE,,,,,,,,27,,,,,,Ubi,112029,111569.5,2,408899,35334.89183,34687.41099,1.32997426,103.8992267,Kampong Ubi,Geylang,Central,operational,FALSE,FALSE,"61,63,137,65,8,63A,63M,22",8,11800,FALSE,5.725692256,Tampines,0.223577236,0.577235772,0.674796748,0.353658537,
1560,DT28,DT28,,,FALSE,,,,,,,,28,,,,,,Kaki Bukit,141341.5,137041.25,2,415804,36362.37828,35239.55226,1.33496736,103.9084593,Kaki Bukit,Bedok,East,operational,FALSE,FALSE,"15A,5,59,58A,87,15,58B,58",8,37150,FALSE,4.559287374,Tampines,0.223577236,0.825203252,0.504065041,0.601626016,
1600,DT29,DT29,,,FALSE,,,,,,,,29,,,,,,Bedok North,105759,96387.25,0,479481,37421.74382,35214.68039,1.334742117,103.9179783,Kaki Bukit,Bedok,East,operational,FALSE,FALSE,"87,23,518,137,137A,60,60T",7,37150,FALSE,3.657719985,Tampines,0.18699187,0.825203252,0.406504065,0.638211382,
1640,DT3,DT3,,,FALSE,,,,,,,,3,,,,,,Hillview,92629.75,84220.75,0,678211,20666.06755,38266.78985,1.362344868,103.7674183,Nature Reserve,Bukit Panjang,West,operational,FALSE,FALSE,"170A,973,961,653,184,176,75,178,970,963,961M,67",12,3850,FALSE,4.282728415,Jurong East,0.361788618,0.382113821,0.495934959,0.020325203,
1680,DT30,DT30,,,FALSE,,,,,,,,30,,,,,,Bedok Reservoir,102690.75,98861.5,0,469724,39008.31316,35421.04087,1.33660783,103.9322346,Bedok Reservoir,Bedok,East,operational,FALSE,FALSE,"5,21,59,168,46,65,69,CT18,28,18,228,2N,67",13,25470,FALSE,2.34634673,Tampines,0.406504065,0.691056911,0.276422764,0.284552846,
1720,DT31,DT31,,,FALSE,,,,,,,,31,,,,,,Tampines West,110811.5,117267.5,0,529683,39698.52759,36406.01433,1.345515306,103.938437,Tampines West,Tampines,East,operational,FALSE,FALSE,"46,513,2N,18,5,15,129,8,67,15A,59,118B,65,23,518,69,28,21,118,168,118A",21,79670,FALSE,1.14263002,Tampines,0.650406504,0.967479675,0.12195122,0.317073171,
1760,DT33,DT33,,,FALSE,,,,,,,,33,,,,,,Tampines East,244577.25,228995.25,0,529623,41501.07485,37586.61776,1.356191483,103.9546345,Tampines East,Tampines,East,operational,FALSE,FALSE,"9A,19,34B,12,293T,34,18,37,17,29A,8,3,4,59,38,518,81,29,21,12e,293,39,9",23,130980,FALSE,1.102787123,Tampines,0.719512195,0.995934959,0.097560976,0.276422764,
1800,DT34,DT34,,,FALSE,,,,,,,,34,,,,,,Upper Changi,54853.5,50693.75,2,485990,42262.18797,35988.65688,1.341739774,103.9614728,Simei,Tampines,East,operational,FALSE,FALSE,"24,2,5,4N",4,39450,FALSE,2.224288376,Tampines,0.105691057,0.857723577,0.25203252,0.75203252,
1840,DT5,DT5,,,FALSE,,,,,,,,5,,,,,,Beauty World,160784,162179.75,0,588216,21598.16648,35931.23589,1.341223176,103.7757943,Anak Bukit,Bukit Timah,Central,operational,FALSE,FALSE,"170A,852,961M,961,157,970,985,67,174,75,52,77,174e,66,61,184,41,3N,173",19,21870,FALSE,3.831476629,Jurong East,0.589430894,0.650406504,0.430894309,0.06097561,
1880,DT6,DT6,,,FALSE,,,,,,,,6,,,,,,King Albert Park,86568.5,79996.5,2,599987,22444.48957,35316.24791,1.335661613,103.7833991,Holland Road,Bukit Timah,Central,operational,FALSE,FALSE,"170A,174,961,154,157,74,970,151,852,77,961M,67",12,10840,FALSE,4.578800951,Jurong East,0.361788618,0.536585366,0.512195122,0.174796748,
1920,DT7,DT7,,,FALSE,,,,,,,,7,,,,,,Sixth Avenue,52803.75,56256,2,269784,23947.74937,34785.0233,1.330857645,103.7969068,Coronation Road,Bukit Timah,Central,operational,FALSE,FALSE,"170A,174,961,154,157,74,970,151,852,77,961M,67,156",13,6690,FALSE,6.077242419,Jurong East,0.406504065,0.43495935,0.739837398,0.028455285,
1960,DT8,DT8,,,FALSE,,,,,,,,8,,,,,,Tan Kah Kee,65075.25,60294.25,1,266268,25155.62211,34198.80531,1.325556235,103.8077603,Coronation Road,Bukit Timah,Central,operational,FALSE,FALSE,"170A,174,961,154,157,74,151,852,961M,67,156",11,6690,FALSE,6.695115348,Raffles Place,0.337398374,0.43495935,0.837398374,0.097560976,
2000,EW1,EW1,,,FALSE,,,,1,,,,,,,,,,Pasir Ris,401240,386808.5,0,519634,40905.59746,39449.98234,1.373043316,103.9492845,Pasir Ris Central,Pasir Ris,East,operational,TRUE,FALSE,"53A,53,359,88,403,12,5,15,17,3,68,15A,89,58B,518,81,4N,21,358,12e,354,89A,3A,6,39,518A,58,109",28,32240,FALSE,2.242891314,Tampines,0.776422764,0.796747967,0.260162602,0.020325203,
2040,EW10,EW10,,,FALSE,,,,10,,,,,,,,,,Kallang,142670.25,146412.25,0,387405,32236.60384,32643.33024,1.31148891,103.8713865,Boon Keng,Kallang,Central,operational,TRUE,FALSE,"26,7A,12,961M,2A,980,141,32,961,62,985,31,63A,853M,33,67,853,51,100,175,13,80,63,7,21,11,21A,2,197,140",30,11790,FALSE,3.763491112,Raffles Place,0.821138211,0.569105691,0.422764228,-0.25203252,
2080,EW11,EW11,,,FALSE,,,,11,,,,,,,,,,Lavender,215537.75,219922,2,208699,31277.40623,32188.73379,1.307377817,103.8627676,Lavender,Kallang,Central,operational,FALSE,FALSE,"107M,7A,12,961M,2A,980,32,133,961,63A,33,51,100,175,80,63,107,61,7,145,2,197",22,9690,FALSE,2.874820352,Raffles Place,0.678861789,0.495934959,0.325203252,-0.182926829,
2120,EW12/DT14,EW12,DT14,,TRUE,,,,12,,,,14,,,,,,Bugis,531980.25,553477.5,2,188022,30491.60007,31424.35127,1.300465085,103.8557067,Victoria,Rochor,Central,operational,FALSE,TRUE,"170A,130,7A,12,2A,2N,980,133,32,851,63A,48,33,851e,51,175,80,63,960,4N,61,7,145,57,12e,960e,2,197",28,1760,FALSE,1.877151185,Raffles Place,0.776422764,0.321138211,0.219512195,-0.455284553,
2160,EW13/NS25,EW13,NS25,,TRUE,25,,,13,,,,,,,,,,City Hall,424303.5,437093,2,179100,30144.25038,30591.90081,1.292936722,103.8525856,City Hall,Downtown Core,Central,operational,FALSE,TRUE,"130,NR6,5N,195,850E,124,162M,7A,502,131,961M,2N,133,1N,111,32,656,961,851,665,162,660,NR5,195A,63A,166,36,16M,857,851e,502A,167,174,6N,652,51,NR8,175,14A,518,NR2,80,951E,63,77,960,36A,4N,174e,131A,14e,61,7,145,857B,106,NR1,3N,36B,960e,16,197,518A,663,14",65,80,FALSE,0.987685186,Raffles Place,1,0.12601626,0.081300813,-0.87398374,
2200,EW14/NS26,EW14,NS26,,TRUE,26,,,14,,,,,,,,,,Raffles Place,435195,421867.25,1,48618,30019.18053,29617.61258,1.28412561,103.8514617,Raffles Place,Downtown Core,Central,operational,FALSE,TRUE,"130,850E,70,131,196A,196,656,665,162,660,868E,167,652,75,100,10e,10,196e,951E,107,131A,57,663",23,40,TRUE,0,Raffles Place,0.719512195,0.109756098,0.020325203,-0.609756098,
2240,EW15,EW15,,,FALSE,,,,15,,,,,,,,,,Tanjong Pagar,360700.5,378395.5,2,69119,29380.75674,28781.18833,1.276561317,103.8457252,Tanjong Pagar,Downtown Core,Central,operational,FALSE,FALSE,"186,672,670,653,651,671,131,666,656,970,655,665,660,167,652,661,654,667,57,668,657,400,663",23,670,FALSE,1.055529408,Raffles Place,0.719512195,0.231707317,0.089430894,-0.487804878,
2280,EW16/NE3,EW16,NE3,,TRUE,,,,16,3,,,,,,,,,Outram Park,385618,367691.25,2,59816,28681.24929,29130.52227,1.279720594,103.8394399,Singapore General Hospital,Bukit Merah,Central,operational,TRUE,TRUE,"147,124,147A,12,961M,2,851,961,970,63A,33,CT8,166,851e,190,CT18,63,61,12e,143,54,197",22,10,FALSE,1.423362413,Raffles Place,0.678861789,0.032520325,0.154471545,-0.646341463,
2320,EW17,EW17,,,FALSE,,,,17,,,,,,,,,,Tiong Bahru,350869.5,372828.5,0,168731,27346.33227,29836.20442,1.286102536,103.8274451,Tiong Bahru Station,Bukit Merah,Central,operational,TRUE,FALSE,"5,33A,123,851,123M,122,195,33,121,195A,NR5,63,63A,16,16M",15,15120,FALSE,2.678886759,Raffles Place,0.479674797,0.62601626,0.308943089,0.146341463,
2360,EW18,EW18,,,FALSE,,,,18,,,,,,,,,,Redhill,235756.25,245213.25,2,158792,26155.0535,30226.75978,1.289634534,103.816741,Redhill,Bukit Merah,Central,operational,FALSE,FALSE,"32,145,33A,186,63,122,51,33,145A,64,970,139,120,NR5,63A,132",16,10620,FALSE,3.908097849,Raffles Place,0.520325203,0.528455285,0.447154472,0.008130081,
2400,EW19,EW19,,,FALSE,,,,19,,,,,,,,,,Queenstown,191998,181707,0,149729,24968.26735,30770.39111,1.294550852,103.8060772,Mei Chin,Queenstown,Central,operational,FALSE,FALSE,"111,186,145,195,51,64,970,195A,NR5",9,15570,FALSE,5.176712783,Raffles Place,0.25203252,0.634146341,0.609756098,0.382113821,
2440,EW2/DT32,EW2,DT32,,TRUE,,,,2,,,,32,,,,,,Tampines,715309,735502,0,529538,40444.9732,37267.02627,1.353301676,103.9451446,Tampines East,Tampines,East,operational,TRUE,TRUE,"72,19,46,31A,293T,2N,68A,15,37,969A,129,29A,31,8,3,68,4,969,67,291T,15A,27,65,298,23,38,10,69,81,28,29,20,68B,127,21,127A,293,168,291,3A,27A,292",42,130980,TRUE,0,Tampines,0.918699187,0.995934959,0.020325203,0.077235772,
2480,EW20,EW20,,,FALSE,,,,20,,,,,,,,,,Commonwealth,208462.75,202702.25,0,149735,24094.79514,31649.59892,1.302501999,103.7982285,Commonwealth,Queenstown,Central,operational,FALSE,FALSE,"32,196,111,145,105,198,147,122,195,100,970,195A,NR5,61",14,7000,FALSE,6.260601831,Raffles Place,0.447154472,0.447154472,0.780487805,0,
2520,EW22,EW22,,,FALSE,,,,22,,,,,,,,,,Dover,165194,168151,2,138677,21914.55093,32634.11863,1.311405293,103.7786378,Singapore Polytechnic,Queenstown,Central,operational,FALSE,FALSE,"105,147,106,NR8,74,NR5,166,185,14",9,100,FALSE,4.709315351,Jurong East,0.25203252,0.138211382,0.536585366,-0.113821138,
2560,EW23,EW23,,,FALSE,,,,23,,,,,,,,,,Clementi,627584.5,662673,2,129580,20418.10551,33044.49447,1.315116253,103.7651915,Clementi Central,Clementi,West,operational,TRUE,FALSE,"147,154,5N,106A,196,284,99,105,201,NR5,285,166,185,96,NR8,175,7B,52,14,78,7,189,106,184,96B,165,183,105B,154B,96A,173,282,156",33,14000,FALSE,3.24126178,Jurong East,0.849593496,0.601626016,0.37398374,-0.24796748,
2600,EW24/NS1,EW24,NS1,,TRUE,1,,,24,,,,,,,,,,Jurong East,985138.25,998749.5,2,609690,17869.05705,35038.96887,1.333152816,103.7422863,Jurong Gateway,Jurong East,West,operational,TRUE,TRUE,"98M,97,506,98,143M,334,97e,105,160,183B,333,51A,197,167,51,49,160M,52,66,78,990,105B,41,183,143,160A,335",27,450,TRUE,0,Jurong East,0.764227642,0.219512195,0.020325203,-0.544715447,
2640,EW25,EW25,,,FALSE,,,,25,,,,,,,,,,Chinese Garden,136837,130517.25,0,609959,16790.74663,36056.30189,1.342352821,103.7325967,Lakeside (Leisure),Jurong East,West,operational,FALSE,FALSE,"180,335,180A",3,1070,FALSE,1.485512896,Jurong East,0.089430894,0.284552846,0.178861789,0.195121951,
2680,EW26,EW26,,,FALSE,,,,26,,,,,,,,,,Lakeside,506201.75,454782.5,0,649845,15494.49695,36267.14703,1.344259115,103.7209491,Taman Jurong,Jurong West,West,operational,FALSE,FALSE,"180,154B,98M,98A,246,187,154,98B,49,180A,98,240,240M,240A,154A,335",16,39920,FALSE,2.674180152,Jurong East,0.520325203,0.869918699,0.300813008,0.349593496,
2720,EW27,EW27,,,FALSE,,,,27,,,,,,,,,,Boon Lay,681791.25,779604.5,0,649846,13837.98272,35641.91912,1.338604055,103.7060646,Jurong West Central,Jurong West,West,operational,TRUE,FALSE,"246,249,974A,154,5N,180A,181,180,243G,405,242,79A,198,974,181M,157,178,258,240,NR5,240M,243W,193,30,179A,174,187,192,252,241,179,199,174e,79,172,251,194,198A,154B",39,63760,FALSE,4.071943124,Jurong East,0.898373984,0.955284553,0.463414634,0.056910569,
2760,EW28,EW28,,,FALSE,,,,28,,,,,,,,,,Pioneer,439003,343828.25,0,648310,12864.96983,35529.51155,1.337587011,103.6973216,Jurong West Central,Jurong West,West,operational,FALSE,FALSE,"193,502A,974A,5N,192,974,651,241,179,241A,502,258,185",13,63760,FALSE,5.022747923,Jurong East,0.406504065,0.955284553,0.593495935,0.548780488,
2800,EW29,EW29,,,FALSE,,,,29,,,,,,,,,,Joo Koon,261623,265213.25,1,629116,10756.33797,34438.26178,1.327717041,103.678375,Joo Koon,Pioneer,West,operational,TRUE,FALSE,"99,254,257,255,193,252,974A,182,192,253,974,258,182M",13,30,FALSE,7.130361041,Jurong East,0.406504065,0.093495935,0.869918699,-0.31300813,
2840,EW3,EW3,,,FALSE,,,,3,,,,,,,,,,Simei,240202,239028,0,529888,41361.22817,36149.75278,1.343197079,103.9533772,Simei,Tampines,East,operational,FALSE,FALSE,"20,9A,5,38,4N,9",6,39450,FALSE,1.449126571,Tampines,0.150406504,0.857723577,0.162601626,0.707317073,
2880,EW30,EW30,,,FALSE,,,,30,,,,,,,,,,Gul Circle,67563.5,58921,1,637288,8770.351501,33526.57337,1.319470901,103.6605305,Gul Circle,Pioneer,West,operational,FALSE,FALSE,"192,193",2,20,FALSE,9.21484949,Jurong East,0.052845528,0.073170732,0.967479675,0.020325203,
2920,EW31,EW31,,,FALSE,,,,31,,,,,,,,,,Tuas Crescent,70984.5,62332.25,1,639608,7495.837867,33698.72631,1.321026956,103.6490782,Tuas North,Tuas,West,operational,FALSE,FALSE,"254,247",2,30,FALSE,10.44884849,Jurong East,0.052845528,0.093495935,0.983739837,0.040650407,
2960,EW32,EW32,,,FALSE,,,,32,,,,,,,,,,Tuas West Road,73748.25,68619,1,639609,6442.928612,34689.35177,1.329985047,103.6396166,Tuas Bay,Tuas,West,operational,FALSE,FALSE,"248M,254,193,192,248",5,10,FALSE,11.41870103,Jurong East,0.12195122,0.032520325,0.991869919,-0.089430894,
3000,EW33,EW33,,,FALSE,,,,33,,,,,,,,,,Tuas Link,43759,43322.25,1,638418,6150.862788,35894.35822,1.340882425,103.6369914,Tuas Promenade,Tuas,West,operational,TRUE,FALSE,"248M,193,247,182,192,248,182M",7,10,FALSE,11.73658452,Jurong East,0.18699187,0.032520325,1,-0.154471545,
3040,EW4,EW4,,,FALSE,,,,4,,,,,,,,,,Tanah Merah,213956,192887.25,2,467356,40579.09978,34379.43168,1.327187291,103.9463486,Bedok South,Bedok,East,operational,FALSE,FALSE,"9A,24,35M,47,12e,9,45,35,14A,38,12,31,31A,48,2,2A,14",17,46690,FALSE,2.906870028,Tampines,0.548780488,0.918699187,0.333333333,0.369918699,
3080,EW5,EW5,,,FALSE,,,,5,,,,,,,,,,Bedok,464385.25,460489.25,0,467347,38757.95205,34024.70478,1.323979969,103.9299845,Bedok North,Bedok,East,operational,TRUE,FALSE,"9A,155,26,854,24,87,17A,7A,137,196A,401,18,228,222A,30e,196,9,32,60T,2A,229,17,31,25,33,222,60,16M,67,30,35M,854e,225W,33B,14A,38,69,28,4N,225G,7,222B,168,35,40,2,16,197,137A,14",50,81840,FALSE,3.670217088,Tampines,0.983739837,0.975609756,0.414634146,-0.008130081,
3120,EW6,EW6,,,FALSE,,,,6,,,,,,,,,,Kembangan,128632.75,154699,0,416551,36861.96149,33699.34405,1.321038134,103.9129479,Kembangan,Bedok,East,operational,FALSE,FALSE,"26,24,32,854,30,7,135,28,42,25,2,33,2A,67",14,37460,FALSE,5.067609322,Tampines,0.447154472,0.837398374,0.601626016,0.390243902,
3160,EW7,EW7,,,FALSE,,,,7,,,,,,,,,,Eunos,186464.75,217598,0,409423,35779.98835,33560.5859,1.319783549,103.9032258,Geylang East,Geylang,Central,operational,TRUE,FALSE,"26,155,24,854,60A,154,150,2,2A,60T,76,30e,2N,94,15,25,63A,60,67,22,93,30,51,13,28,63,55,61,94A,21,7,63M,966",33,29920,FALSE,5.967029528,Tampines,0.849593496,0.776422764,0.715447154,-0.073170732,
3200,EW8/CC9,EW8,CC9,,TRUE,,,9,8,,,,,,,,,,Paya Lebar,549158,562957.25,2,409049,34559.69169,33280.11819,1.317247385,103.8922608,Geylang East,Geylang,Central,operational,FALSE,TRUE,"26,155,24,135,154,70,137,2A,76,43,134,853M,67,30,51,13,43e,28,21,70A,70M,40,2,197",24,29920,FALSE,5.842508642,Raffles Place,0.75203252,0.776422764,0.691056911,0.024390244,
3240,EW9,EW9,,,FALSE,,,,9,,,,,,,,,,Aljunied,273550.75,270850.75,0,388310,33518.60487,33190.00202,1.316432612,103.882906,Aljunied,Geylang,Central,operational,FALSE,FALSE,"26,80A,137,2A,100A,158,62A,62,63A,853M,67,125,51,100,13,80,158A,63,21,125A,40,2",22,39990,FALSE,5.012384629,Raffles Place,0.678861789,0.886178862,0.585365854,0.207317073,
3280,NE1/CC29,NE1,CC29,,TRUE,,,29,,1,,,,,,,,,HarbourFront,459318.5,469893,2,98867,26688.0367,27545.85343,1.265389384,103.8215302,Maritime Square,Bukit Merah,Central,operational,TRUE,TRUE,"NR6,97,131,97e,188R,30e,166,963R,30,65,100,855,10,80,61,145,57,123M,NR1,143",20,3620,FALSE,3.925822591,Raffles Place,0.62195122,0.365853659,0.455284553,-0.256097561,
3320,NE10,NE10,,,FALSE,,,,,10,,,,,,,,,Potong Pasir,205775.75,212478.5,2,347694,31977.16676,34842.7251,1.33137949,103.8690557,Potong Pasir,Toa Payoh,Central,operational,FALSE,FALSE,"NR6,853,147,506,13,147A,107M,142A,142,853M,107,133",12,11720,FALSE,5.606602971,Raffles Place,0.361788618,0.56097561,0.666666667,0.199186992,
3360,NE11,NE11,,,FALSE,,,,,11,,,,,,,,,Woodleigh,95206,90662.75,2,347695,32173.31857,35706.37936,1.339190045,103.8708183,Bidadari,Toa Payoh,Central,operational,TRUE,FALSE,"155,NR6,853,135,100A,147,506,100,13,147A,107M,853M,107,133",14,0,,,,,,,,
3400,NE12/CC13,NE12,CC13,,TRUE,,,13,,12,,,,,,,,,Serangoon,396464.25,365645.5,0,556082,32390.68525,36971.75455,1.350633615,103.8727717,Serangoon Central,Serangoon,North-East,operational,TRUE,TRUE,"NR6,135,53,109A,147,506,101,147A,107M,70,116A,103,100A,133,58A,43,105,153,158,45,853M,70B,22,53M,43M,853,315,100,81,45A,107,70A,70M,317,82,116,58,109",38,24760,FALSE,7.765507496,Raffles Place,0.882113821,0.674796748,0.926829268,-0.207317073,
3440,NE13,NE13,,,FALSE,,,,,13,,,,,,,,,Kovan,285604.75,288440.5,0,534799,33758.7578,38027.27944,1.360179171,103.8850649,Kovan,Hougang,North-East,operational,FALSE,FALSE,"119,153,112,101,112A,82,107M,81,80,80A,115,113A,113,107,136",15,24810,FALSE,6.722325772,Tampines,0.479674797,0.682926829,0.845528455,0.203252033,
3480,NE14,NE14,,,FALSE,,,,,14,,,,,,,,,Hougang,435468.75,429617.5,0,538758,34572.87525,39256.12828,1.371292266,103.8923805,Hougang Central,Hougang,North-East,operational,TRUE,FALSE,"161,325,72,87,147,101,147A,107M,151,80A,324,329,153,112,62A,112A,62,132,102,27,89,6N,51,74,80,113,107,165,82,72A,89e,116",32,4720,FALSE,6.197197586,Tampines,0.833333333,0.406504065,0.756097561,-0.426829268,
3520,NE15,NE15,,,FALSE,,,,,15,,,,,,,,,Buangkok,243492.25,238024.75,0,545061,34655.42506,40536.34017,1.38287002,103.8931226,Compassvale,Sengkang,North-East,operational,TRUE,TRUE,"102,27,43M,43,43e,114",6,20960,FALSE,6.652238434,Tampines,0.150406504,0.642276423,0.829268293,0.491869919,
3560,NE16/STC,NE16,STC,,TRUE,,,,,16,,,,,,,,0,Sengkang,591570,618477,0,545062,34918.27401,41512.12769,1.391694626,103.8954847,Sengkang Town Centre,Sengkang,North-East,operational,TRUE,FALSE,"161,119,NR6,87,85A,80A,50,374,43,85,371,159A,102,27,43M,89,163A,43e,80,965T,965,109,163,372,159,86,83T,27A,89e,110,83,156",32,61790,FALSE,6.978497697,Tampines,0.833333333,0.943089431,0.861788618,0.109756098,
3600,NE17/PTC,NE17,PTC,,TRUE,,,,,17,,,,0,,0,,,Punggol,560504,545649.5,0,828868,35651.3828,42933.24827,1.404546537,103.9020726,Matilda,Punggol,North-East,operational,TRUE,TRUE,"381,119,117,34A,34,50,43,85,386,62A,62,386A,3,382A,117M,382,136,43M,6N,84,43e,382W,384,118,382G,83T,82,39,83",29,52200,FALSE,7.442719678,Tampines,0.800813008,0.926829268,0.894308943,0.12601626,
3640,NE4/DT19,NE4,DT19,,TRUE,,,,,4,,,19,,,,,,Chinatown,590519.25,581757,2,58362,29316.049,29628.47894,1.284223919,103.8451438,China Square,Outram,Central,operational,FALSE,TRUE,"186,147,124,147A,12,961M,2A,2,961,851,970,63A,33,CT8,166,851e,190,174,51,80,CT18,63,174e,61,145,12e,143,54,197",29,1430,FALSE,0.702427046,Raffles Place,0.800813008,0.308943089,0.056910569,-0.491869919,
3680,NE5,NE5,,,FALSE,,,,,5,,,,,,,,,Clarke Quay,135925.5,138023.5,2,59815,29473.12494,30088.70379,1.288386024,103.8465552,Clarke Quay,Singapore River,Central,operational,FALSE,FALSE,"NR6,5N,195,147,124,147A,12,961M,2N,2A,1N,32,851,961,195A,NR5,63A,33,166,851e,190,174,6N,51,NR8,NR3,NR2,80,63,4N,174e,61,145,12e,NR1,3N,2,54,197",39,130,FALSE,0.722448244,Raffles Place,0.898373984,0.158536585,0.06504065,-0.739837398,
3720,NE7/DT12,NE7,DT12,,TRUE,,,,,7,,,12,,,,,,Little India,306848.5,326560,2,229900,29817.20857,32124.85018,1.306800197,103.8496471,Farrer Park,Rochor,Central,operational,FALSE,TRUE,"170A,NR6,147,5N,139,131,980,1N,56,851,48,166,67,857,851e,6N,64,65,23,960,131A,57,3N,960e",24,2660,FALSE,2.529355828,Raffles Place,0.75203252,0.345528455,0.292682927,-0.406504065,
3760,NE8,NE8,,,FALSE,,,,,8,,,,,,,,,Farrer Park,299396.75,336114,2,218703,30243.52065,32689.37956,1.311905573,103.8534777,Farrer Park,Rochor,Central,operational,FALSE,FALSE,"141,131",2,2660,FALSE,3.097110107,Raffles Place,0.052845528,0.345528455,0.357723577,0.292682927,
3800,NE9,NE9,,,FALSE,,,,,9,,,,,,,,,Boon Keng,323272.75,288052.5,0,328260,31144.04501,33510.97461,1.319335709,103.8615695,Bendemeer,Kallang,Central,operational,FALSE,FALSE,"125,130,NR6,21,857,147,64,65,13,23,985,139,31,140,133",15,37570,FALSE,4.073235695,Raffles Place,0.479674797,0.845528455,0.471544715,0.365853659,
3840,NS10,NS10,,,FALSE,10,,,,,,,,,,,,,Admiralty,702827.25,616087.25,0,738344,24402.38663,46918.5068,1.440588562,103.8009905,Woodlands East,Woodlands,North,operational,FALSE,FALSE,"965A,913,962,912,965,962C,964,904,901M,NR2,965T,912A,969",13,98980,FALSE,1.535814924,Woodlands,0.406504065,0.983739837,0.18699187,0.577235772,
3880,NS11,NS11,,,FALSE,11,,,,,,,,,,,,,Sembawang,603153.5,607191.5,0,759775,26522.98826,47854.19984,1.449050822,103.8200461,Sembawang Central,Sembawang,North,operational,TRUE,FALSE,"858,962B,117,859B,858A,859A,980,656,856,962,883M,117M,167,859T,882,981,882A,NR2,859,883",20,34800,FALSE,3.850378231,Woodlands,0.62195122,0.81300813,0.43902439,0.191056911,
3920,NS12,NS12,,,FALSE,12,,,,,,,,,,,,,Canberra,219265,202107.25,0,756972,27597.59694,47193.60088,1.443076641,103.8297026,Sembawang Springs,Sembawang,North,operational,FALSE,FALSE,"169A,117,883B,169,883,883M,117M",7,9090,FALSE,4.707606121,Woodlands,0.18699187,0.471544715,0.528455285,0.284552846,
3960,NS13,NS13,,,FALSE,13,,,,,,,,,,,,,Yishun,768740.75,815033.75,0,769093,28187.67882,45686.07054,1.429443085,103.835005,Yishun West,Yishun,North,operational,TRUE,FALSE,"858,854,965A,117,811,807,85A,103,852,860T,858A,811T,171,812,85,856,851,969A,883B,857A,807A,812T,860,800,853M,117M,883M,969,811A,853,851e,857,854e,859T,801,807B,806,803,855,804,805,965,965T,859,169A,857B,169,883,39",49,53910,FALSE,5.283332245,Woodlands,0.971544715,0.93495935,0.617886179,-0.036585366,
4000,NS14,NS14,,,FALSE,14,,,,,,,,,,,,,Khatib,486945.5,441021.5,0,769092,27962.31086,44352.56799,1.41738337,103.8329799,Khatib,Yishun,North,operational,FALSE,FALSE,"858,854,670,117,850E,811,807,85A,852,860T,1N,811T,812,85,851,969A,857A,807A,812T,860,853M,117M,969,853,851e,857,854e,807B,117A,855,965,965T,857B,NR1,39",35,10250,FALSE,5.420305617,Woodlands,0.861788618,0.512195122,0.642276423,-0.349593496,
4040,NS15,NS15,,,FALSE,15,,,,,,,,,,,,,Yio Chu Kang,344627.5,313783.25,2,569813,29294.12623,40413.06264,1.381755871,103.8449473,Yio Chu Kang,Ang Mo Kio,North-East,operational,TRUE,FALSE,"72,162M,70,852,860T,76,71,851,162,860,45,853M,851e,853,13,72B,668,70A,70M,NR1,86,825,72A",23,20,FALSE,8.753155351,Woodlands,0.719512195,0.073170732,0.943089431,-0.646341463,
4080,NS16,NS16,,,FALSE,16,,,,,,,,,,,,,Ang Mo Kio,672066.25,730294.25,0,569812,29807.26115,39105.736,1.36993285,103.8495581,Cheng San,Ang Mo Kio,North-East,operational,TRUE,FALSE,"24,130,135,73T,268B,88,138,130A,88A,268C,133,76,268A,1N,50,269,269A,262,73,268,25,138B,132,166,CT8,136,22,159A,261,74,159B,88B,138A,159,265,86,165,169",38,28070,FALSE,9.543676125,Raffles Place,0.882113821,0.715447154,0.975609756,-0.166666667,
4120,NS17/CC15,NS17,CC15,,TRUE,17,,15,,,,,,,,,,,Bishan,262513,162884,0,579842,29760.77555,37047.15733,1.351315801,103.8491403,Bishan East,Bishan,Central,operational,TRUE,TRUE,"53,88,13A,410W,50,56,71,410,59,55B,410G,13,52,55,57,NR1,54,58,156",19,28310,FALSE,7.475663791,Raffles Place,0.589430894,0.723577236,0.902439024,0.134146341,
4160,NS18,NS18,,,FALSE,18,,,,,,,,,,,,,Braddell,217247.75,199454.5,0,319756,29500.23495,35847.77198,1.340469001,103.8467991,Toa Payoh West,Toa Payoh,Central,operational,FALSE,FALSE,"231,59,235,129,232",5,14360,FALSE,6.286503439,Raffles Place,0.12195122,0.613821138,0.788617886,0.491869919,
4200,NS19,NS19,,,FALSE,19,,,,,,,,,,,,,Toa Payoh,498079.75,526341,0,319398,29578.48907,34980.89629,1.332629281,103.8475022,Toa Payoh Central,Toa Payoh,Central,operational,TRUE,FALSE,"26,155,73T,88,139,238,142A,141,56,105,153,129,90A,157,73,31,8,90,235,28,142,163,231,145,139M,159,NR1,232,143",29,28020,FALSE,5.411293498,Raffles Place,0.800813008,0.707317073,0.62601626,-0.093495935,
4240,NS2,NS2,,,FALSE,2,,,,,,,,,,,,,Bukit Batok,412816.25,434027.75,0,659958,18679.32232,36794.92602,1.349033312,103.7495665,Bukit Batok Central,Bukit Batok,West,operational,TRUE,FALSE,"944,945,947,990,189,187,106,173A,991A,941,189A,106A,852,77,991,173,177,61",18,27290,FALSE,1.942452944,Jurong East,0.56504065,0.699186992,0.227642276,0.134146341,
4280,NS20,NS20,,,FALSE,20,,,,,,,,,,,,,Novena,464148.5,453230,2,307642,29169.32979,33633.15354,1.320440791,103.8438256,Moulmein,Novena,Central,operational,FALSE,FALSE,"141,5,21,56,57,167,851,162M,162,131,143,54,166,131A,980",15,9300,FALSE,4.126324132,Raffles Place,0.479674797,0.479674797,0.479674797,0,
4320,NS21/DT11,NS21,DT11,,TRUE,21,,,,,,,11,,,,,,Newton,698265.5,720389.75,2,228234,28519.28307,32735.07704,1.312318922,103.8379846,Newton Circus,Newton,Central,operational,FALSE,TRUE,"170A,143,5,167,NR1,124,162M,960e,518,162,48,960,54,518A,972M,67",16,250,FALSE,3.474555593,Raffles Place,0.520325203,0.195121951,0.390243902,-0.325203252,
4360,NS22,NS22,,,FALSE,22,,,,,,,,,,,,,Orchard,654895.25,701426.25,2,237974,27783.69734,31709.53249,1.303044263,103.831375,Paterson,River Valley,Central,operational,FALSE,TRUE,"NR6,972A,5N,124,54,162M,190A,7A,2N,1N,111,5,16,162,NR5,36,16M,972,174,167,190,6N,NR8,65,NR3,175,NR2,518,77,4N,174e,972M,14e,7,123,106,NR1,3N,36B,143,36A,518A,14",43,240,FALSE,3.067822109,Raffles Place,0.926829268,0.182926829,0.349593496,-0.743902439,
4400,NS23,NS23,,,FALSE,23,,,,,,,,,,,,,Somerset,345142,366791.5,2,238162,28641.83466,31402.12452,1.300264167,103.8390858,Somerset,Orchard,Central,operational,FALSE,FALSE,"NR6,5N,124,162M,7A,502,2N,1N,111,16,162,NR5,36,16M,972,502A,167,190,174,6N,NR8,65,NR3,175,7B,14A,NR2,77,4N,174e,972M,14e,7,123,106,NR1,3N,36B,143,36A,14",41,140,FALSE,2.261219386,Raffles Place,0.910569106,0.170731707,0.268292683,-0.739837398,
4440,NS24/NE6/CC1,NS24,NE6,CC1,TRUE,24,,1,,6,,,,,,,,,Dhoby Ghaut,398272.25,365639,2,238826,29423.98045,31229.31637,1.298701325,103.8461137,Dhoby Ghaut,Museum,Central,operational,FALSE,TRUE,"NR6,5N,972A,850E,124,162M,190A,7A,139,502,2N,1N,111,656,16,665,162,660,36,16M,972,502A,167,190,174,6N,652,65,64,175,7B,14A,518,951E,77,4N,174e,972M,14e,7,106,3N,36B,36A,518A,663,14",47,320,FALSE,1.72634571,Raffles Place,0.955284553,0.211382114,0.211382114,-0.743902439,
4480,NS27/CE2,NS27,CE2,,TRUE,27,,,,,,2,,,,,,,Marina Bay,37991.25,37948.25,1,18925,30367.95472,28764.49593,1.276410299,103.8545955,Central Subzone,Downtown Core,Central,operational,FALSE,TRUE,"672,97,670,653,651,671,502,97e,982E,666,513,133,655,502A,661,654,667,668,657,106,400",21,880,FALSE,0.925939481,Raffles Place,0.650406504,0.264227642,0.073170732,-0.386178862,
4520,NS28,NS28,,,FALSE,28,,,,,,,,,,,,,Marina South Pier,21891,22013,2,18948,31241.82601,28169.25109,1.271027036,103.8624475,Straits View,Straits View,Central,operational,FALSE,FALSE,400,1,0,,,,,,,,
4560,NS3,NS3,,,FALSE,3,,,,,,,,,,,,,Bukit Gombak,307691.25,297167.5,0,659083,18926.9127,37854.03588,1.358611591,103.7517909,Guilin,Bukit Batok,West,operational,FALSE,FALSE,"945,NR8,3N,991C,991",5,12940,FALSE,3.021632482,Jurong East,0.12195122,0.585365854,0.341463415,0.463414634,
4600,NS4/BP1,NS4,BP1,,TRUE,4,,,,,1,,,,,,,,Choa Chu Kang,555650.5,604776.5,0,689810,18101.2472,40812.12161,1.385363165,103.7443708,Choa Chu Kang Central,Choa Chu Kang,West,operational,TRUE,FALSE,"975A,974A,190A,927,991,188R,925,974,985,302,300,188,67,983,190,188e,NR3,307A,301,307,975B,172,975C,991B,3N,307T,983A,975,976",29,22530,FALSE,5.810148511,Jurong East,0.800813008,0.658536585,0.682926829,-0.142276423,
4640,NS5,NS5,,,FALSE,5,,,,,,,,,,,,,Yew Tee,467981.5,444611,0,689715,18438.98312,42158.0181,1.397535069,103.7474052,Yew Tee,Choa Chu Kang,West,operational,FALSE,FALSE,"302A,NR3,307A,3N,302,307,979",7,40390,FALSE,6.216935059,Woodlands,0.18699187,0.902439024,0.764227642,0.715447154,
4680,NS7,NS7,,,FALSE,7,,,,,,,,,,,,,Kranji,91261.25,102714.5,1,738702,20078.58651,45204.51685,1.425086981,103.7621375,Turf Club,Sungei Kadut,North,operational,FALSE,FALSE,"170A,925A,178A,925,961,160,925M,178,960,961M",10,670,FALSE,3.116726575,Woodlands,0.296747967,0.231707317,0.365853659,-0.06504065,
4720,NS8,NS8,,,FALSE,8,,,,,,,,,,,,,Marsiling,333970.25,274719,0,739044,21407.04132,46026.51253,1.432521149,103.7740746,Woodlands West,Woodlands,North,operational,FALSE,FALSE,"913T,950,913M,926,963,961M,913,856,925,961,160,966A,912B,178,963R,187,963e,925M,912,960,925A,960e,966",23,33910,FALSE,1.590523693,Woodlands,0.719512195,0.804878049,0.195121951,0.085365854,
4760,NS9/TE2,NS9,TE2,,TRUE,9,,,,,,,,,2,,,,Woodlands,680750,789220.5,0,737736,22949.91913,46417.52233,1.436057617,103.7879388,Woodlands Regional Centre,Woodlands,North,operational,TRUE,TRUE,"858,161,169B,902,965A,913T,913M,950,926,963,961M,858A,903,856,913,962,925,961,966A,912B,178,665,904,903M,912M,969,963R,178A,187,912,963e,925M,964,901M,960,965,901,965T,900A,911,169A,925A,168,960e,169,900,966,912A,911T",49,10,TRUE,0,Woodlands,0.971544715,0.032520325,0.020325203,-0.93902439,
4800,TE1,TE1,,,FALSE,,,,,,,,,,1,,,,Woodlands North,61162.5,51863.75,1,737668,22699.99124,47770.39457,1.448292453,103.7856927,Greenwood Park,Woodlands,North,operational,FALSE,FALSE,856,1,40,FALSE,1.383172735,Woodlands,0.016260163,0.109756098,0.138211382,0.093495935,
5080,TE3,TE3,,,FALSE,,,,,,,,,,3,,,,Woodlands South,84880.91667,75543.58333,0,737668,22699.99124,47770.39457,1.448292453,103.7856927,Greenwood Park,Woodlands,North,operational,FALSE,FALSE,856,1,40,FALSE,1.383172735,Woodlands,0.016260163,0.109756098,0.138211382,0.093495935,
5353,TE4,TE4,,,FALSE,,,,,,,,,,4,,,,Springleaf,33545.5,31873.58333,2,737668,22699.99124,47770.39457,1.448292453,103.7856927,Greenwood Park,Woodlands,North,operational,FALSE,FALSE,856,1,40,FALSE,1.383172735,Woodlands,0.016260163,0.109756098,0.138211382,0.093495935,
5633,TE5,TE5,,,FALSE,,,,,,,,,,5,,,,Lentor,23002,25352,0,737668,22699.99124,47770.39457,1.448292453,103.7856927,Greenwood Park,Woodlands,North,operational,FALSE,FALSE,856,1,40,FALSE,1.383172735,Woodlands,0.016260163,0.109756098,0.138211382,0.093495935,
5913,TE6,TE6,,,FALSE,,,,,,,,,,6,,,,Mayflower,72446.08333,69023.66667,0,737668,22699.99124,47770.39457,1.448292453,103.7856927,Greenwood Park,Woodlands,North,operational,FALSE,FALSE,856,1,40,FALSE,1.383172735,Woodlands,0.016260163,0.109756098,0.138211382,0.093495935,
6193,TE7,TE7,,,FALSE,,,,,,,,,,7,,,,Bright Hill,45470,45446,2,737668,22699.99124,47770.39457,1.448292453,103.7856927,Greenwood Park,Woodlands,North,operational,FALSE,FALSE,856,1,40,FALSE,1.383172735,Woodlands,0.016260163,0.109756098,0.138211382,0.093495935,
6466,TE8,TE8,,,FALSE,,,,,,,,,,8,,,,Upper Thomson,61482.25,57785.25,2,737668,22699.99124,47770.39457,1.448292453,103.7856927,Greenwood Park,Woodlands,North,operational,FALSE,FALSE,856,1,40,FALSE,1.383172735,Woodlands,0.016260163,0.109756098,0.138211382,0.093495935,
4,,CC18,,,,,,18,,,,,,,,,,,Bukit Brown,,,,299176,27707.41657,35102.48027,1.333728883,103.8306895,Mount Pleasant,Novena,Central,future,FALSE,FALSE,,0,690,,,,,,,,CC18
16,,CC30,,,,,,30,,,,,,,,,,,Keppel,,,,99423,27634.16874,28030.47992,1.269772201,103.8300315,City Terminals,Bukit Merah,Central,future,FALSE,FALSE,"NR6,145,30,57,97,NR1,100,80,10,131",10,20,,,,,,,,CC30
17,,CC31,,,,,,31,,,,,,,,,,,Cantonment,,,,89395,28416.64846,28373.25579,1.272872146,103.8370623,Everton Park,Bukit Merah,Central,future,FALSE,FALSE,"145,30,57,97,100,80,10,131,97e",9,7810,,,,,,,,CC31
18,,CC32,,,,,,32,,,,,,,,,,,Prince Edward Road,,,,79122,29533.44444,28404.75026,1.273156936,103.8470971,Central Subzone,Downtown Core,Central,future,FALSE,FALSE,"130,186,672,670,653,850E,651,671,70,666,196A,513,133,196,656,970,655,665,162,660,167,652,75,661,654,951E,196e,667,107,668,657,106,400,663",34,880,,,,,,,,CC32
47,,DT36,,,,,,,,,,,36,,,,,,Xilin,,,,486800,42643.96238,34569.6853,1.328906949,103.9649026,Xilin,Tampines,East,future,FALSE,FALSE,"35M,35",2,1760,,,,,,,,DT36
73,,NE18,,,,,,,,18,,,,,,,,,Punggol Coast,,,,828604,36552.07067,44081.13346,1.414927334,103.9101664,Northshore,Punggol,North-East,future,FALSE,FALSE,,0,460,,,,,,,,NE18
94,,TE10,,,,,,,,,,,,,10,,,,Mount Pleasant,,,,299781,28208.11219,34531.43523,1.328564555,103.8351886,Mount Pleasant,Novena,Central,future,FALSE,FALSE,,0,690,,,,,,,,TE10
95,,TE12,,,,,,,,,,,,,12,,,,Napier,,,,258511,26402.80266,32122.95592,1.306783078,103.818967,Nassim,Tanglin,Central,future,FALSE,FALSE,"7,123,105,174,106,NR8,75,7B,77,174e",10,9520,,,,,,,,TE12
96,,TE13,,,,,,,,,,,,,13,,,,Orchard Boulevard,,,,248654,26948.29454,31640.75525,1.302422248,103.8238685,One Tree Hill,River Valley,Central,future,FALSE,FALSE,"111,7,105,174,123,106,NR8,75,77,132,174e",11,2070,,,,,,,,TE13
98,,TE15,,,,,,,,,,,,,15,,,,Great World,,,,238384,28044.76787,30703.73245,1.293948162,103.8337208,Institution Hill,River Valley,Central,future,FALSE,FALSE,"5,195,75,175,970,195A,NR5,16,16M",9,3150,,,,,,,,TE15
99,,TE16,,,,,,,,,,,,,16,,,,Havelock,,,,168604,28029.74366,30101.88222,1.28850524,103.8335858,Bukit Ho Swee,Bukit Merah,Central,future,FALSE,FALSE,"5,186,123,6N,195,5N,51,75,64,121,175,970,3N,16,4N,2N,16M,1N",18,14390,,,,,,,,TE16
100,,TE18,,,,,,,,,,,,,18,,,,Maxwell,,,,58841,29175.80884,29220.38855,1.280533298,103.8438837,Chinatown,Outram,Central,future,FALSE,FALSE,"145,197,80,166,61",5,10490,,,,,,,,TE18
101,,TE19,,,,,,,,,,,,,19,,,,Shenton Way,,,,18928,29897.41915,28908.96172,1.277716828,103.8503676,Central Subzone,Downtown Core,Central,future,FALSE,FALSE,"130,186,672,97,670,653,850E,651,671,70,502,131,97e,982E,666,196A,513,133,196,656,970,655,665,162,660,167,652,75,100,661,10e,10,654,951E,667,196e,131A,107,57,668,657,106,400,663",44,880,,,,,,,,TE19
102,,TE21,,,,,,,,,,,,,21,,,,Marina South,,,,19397,31367.22626,28559.32995,1.274554759,103.8635743,Straits View,Straits View,Central,future,FALSE,FALSE,,0,,,,,,,,,TE21
103,,TE22,,,,,,,,,,,,,22,,,,Gardens By The Bay,,,,19396,31799.07218,28994.17088,1.278487259,103.8674547,Marina South,Marina South,Central,future,FALSE,FALSE,400,1,,,,,,,,,TE22
104,,TE23,,,,,,,,,,,,,23,,,,Tanjong Rhu,,,,436488,32466.63453,31070.53549,1.297265079,103.8734533,Tanjong Rhu,Kallang,Central,future,FALSE,FALSE,"11,158,158A",3,11110,,,,,,,,TE23
105,,TE24,,,,,,,,,,,,,24,,,,Katong Park,,,,437870,33882.89095,31133.19094,1.297831478,103.8861789,Mountbatten,Marine Parade,Central,future,FALSE,FALSE,"30,158,158A,401,30e",5,9980,,,,,,,,TE24
106,,TE25,,,,,,,,,,,,,25,,,,Tanjong Katong,,,,439846,35128.21199,31297.73082,1.299319257,103.8973687,Mountbatten,Marine Parade,Central,future,FALSE,FALSE,"48,36A,36B,36",4,9980,,,,,,,,TE25
107,,TE26,,,,,,,,,,,,,26,,,,Marine Parade,,,,449971,35975.61075,31661.80799,1.302611635,103.9049831,Marine Parade,Marine Parade,Central,future,FALSE,FALSE,"135,196A,401,196,43,15,966A,134,31,48,853M,36,47,43e,196e,36B,36A,197,966",19,26880,,,,,,,,TE26
108,,TE27,,,,,,,,,,,,,27,,,,Marine Terrace,,,,449970,37102.26344,32110.05443,1.306665103,103.9151067,Marine Parade,Marine Parade,Central,future,FALSE,FALSE,"150,196A,196,43,16,134,31,48,853M,36,16M,47,13,196e,4N,55,36B,36A,197",19,26880,,,,,,,,TE27
109,,TE28,,,,,,,,,,,,,28,,,,Siglap,,,,449969,38762.61178,32479.8152,1.310008551,103.9300258,Frankel,Bedok,East,future,FALSE,FALSE,"196,155,43,197,47,36,36B,196A,31,196e,48,853M,36A,4N,55,401",16,34490,,,,,,,,TE28
110,,TE29,,,,,,,,,,,,,29,,,,Bayshore,,,,469958,40129.48783,32824.19446,1.313122483,103.942308,Bayshore,Bedok,East,future,FALSE,FALSE,,0,7450,,,,,,,,TE29
112,,TE30,,,,,,,,,,,,,30,,,,Bedok South,,,,468324,40908.86292,33218.0453,1.316684007,103.9493112,Bayshore,Bedok,East,future,FALSE,FALSE,"43,229,25,46,13,10e,14A,10,137,853M,55,14",12,7450,,,,,,,,TE30
113,,TE31 / DT37,DT37,,,,,,,,,,37,,31,,,,Sungei Bedok,,,,469731,41784.9899,33629.14833,1.320401487,103.9571838,Bayshore,Bedok,East,future,FALSE,TRUE,"10e,14A,10,45,14",5,7450,,,,,,,,TE31
