,Unnamed: 0,station_code,code,code2,code3,interchange,NS,SW,CC,EW,NE,BP,CE,DT,PW,TE,PE,CG,SE,name,totalTapIn,totalTapOut,Cluster,postal,x,y,lat,long,subzone,area,region,status,bus_interchange,mrt_interchange,svc,bus count,pop,hub,min_dist,nearest_hub,bus_rank,pop_rank,dist_rank,pop-bus_rank,code1,geometry,groceryCount,mallCount
0,0,BP6/DT1,BP6,DT1,,True,,,,,,6.0,,1.0,,,,,,Bukit Panjang,503763.25,540350.25,0.0,678213,20011.398119999998,40108.683769999996,1.379002116,103.76153509999999,Gombak,Bukit Batok,West,operational,True,True,"170A,974A,972A,176,180A,190A,963,961M,180,171,961,160,974,178,970,177,67,983,979,963R,973,972,187,190,963e,75,NR3,973A,960,972M,922,975C,920,184,975,976",36,9930.0,False,5.529046359,Jurong East,0.8699186990000001,0.504065041,0.650406504,-0.365853659,,POINT (1.379002116 103.76153509999999),23.0,14.0
1,40,CC10/DT26,CC10,DT26,,True,,,10.0,,,,,26.0,,,,,,MacPherson,229332.25,218221.75,2.0,378956,34230.010480000004,34264.54353,1.326150245,103.88929859999999,Macpherson,Geylang,Central,operational,False,True,"24,155,135,154,70,80A,137,76,43,158,63A,65,43e,80,28,63,61,70A,70M,40,63M",21,28360.0,False,6.287144607,Raffles Place,0.650406504,0.735772358,0.7967479670000001,0.085365854,,POINT (1.326150245 103.88929859999999),37.0,3.0
2,80,CC11,CC11,,,False,,,11.0,,,,,,,,,,,Tai Seng,222885.5,225728.5,1.0,534803,34128.79235,35258.74882,1.3351415009999998,103.88838929999999,Tai Seng,Hougang,North-East,operational,False,False,"24,70,151,80A,76,58A,43,158,62A,90A,62,90,22,93,58B,80,28,70A,70M,58",20,13830.0,False,6.624440279,Tampines,0.62195122,0.593495935,0.821138211,-0.028455285,,POINT (1.3351415009999998 103.88838929999999),32.0,6.0
3,120,CC12,CC12,,,False,,,12.0,,,,,,,,,,,Bartley,87827.5,75543.75,2.0,539788,33214.93397,36072.52553,1.342501178,103.8801779,Bidadari,Toa Payoh,Central,operational,False,False,"93,158,129,28",4,0.0,,,,,,,,,POINT (1.342501178 103.8801779),20.0,5.0
4,160,CC14,CC14,,,False,,,14.0,,,,,,,,,,,Lorong Chuan,104689.0,100974.75,2.0,554533,31431.405469999998,37079.94437,1.351612171,103.86415190000001,Lorong Chuan,Serangoon,North-East,operational,False,False,"105,58",2,8490.0,False,7.635612297000001,Raffles Place,0.052845527999999996,0.463414634,0.910569106,0.410569106,,POINT (1.351612171 103.86415190000001),28.0,9.0
5,200,CC16,CC16,,,False,,,16.0,,,,,,,,,,,Marymount,118507.0,114434.5,2.0,573993,28679.368769999997,36758.71365,1.348707263,103.83942309999999,Upper Thomson,Bishan,Central,operational,False,False,"163,130,167,851,54,165,410G,162M,74,52,162,855,852,132,166,410,410W,980",18,29390.0,False,7.304788437000001,Raffles Place,0.56504065,0.7560975609999999,0.8861788620000001,0.19105691100000002,,POINT (1.348707263 103.83942309999999),20.0,7.0
6,240,CC17/TE9,CC17,TE9,,True,,,17.0,,,,,,,9.0,,,,Caldecott,74797.0,72068.75,0.0,297608,28761.5758,35491.34314,1.3372456129999999,103.8401618,Toa Payoh West,Toa Payoh,Central,operational,False,True,"141,235",2,14360.0,False,6.038770778,Raffles Place,0.052845527999999996,0.6138211379999999,0.7235772359999999,0.56097561,,POINT (1.3372456129999999 103.8401618),26.0,8.0
7,280,CC19/DT9,CC19,DT9,,True,,,19.0,,,,,9.0,,,,,,Botanic Gardens,77084.0,83539.75,2.0,257494,25959.6005,33818.14422,1.322113736,103.8149845,Tyersall,Tanglin,Central,operational,False,True,"170A,186,153,154,151,48,67,156",8,3880.0,False,5.8554404,Raffles Place,0.223577236,0.39024390200000003,0.699186992,0.166666667,,POINT (1.322113736 103.8149845),21.0,6.0
8,320,CC2,CC2,,,False,,,2.0,,,,,,,,,,,Bras Basah,49258.75,52827.75,2.0,189561,29930.76738,31025.9016,1.296861686,103.8506674,Bras Basah,Museum,Central,operational,False,False,"130,147,850E,124,147A,162M,7A,12,131,502,2A,133,32,111,656,851,16,665,162,660,33,166,36,16M,857,851e,502A,167,190,174,652,51,175,14A,518,80,63,951E,77,960,174e,131A,61,14e,7,145,857B,12e,106,36B,960e,2,36A,197,518A,663,14",57,10.0,False,1.418937125,Raffles Place,0.9918699190000001,0.032520325,0.146341463,-0.959349593,,POINT (1.296861686 103.8506674),56.0,50.0
9,360,CC20,CC20,,,False,,,20.0,,,,,,,,,,,Farrer Road,72332.25,73231.5,2.0,268857,25113.2012,33301.26022,1.317439152,103.8073792,Farrer Court,Bukit Timah,Central,operational,False,False,"93,186,174,961,153,5N,165,855,48,961M",10,6180.0,False,6.143011399,Raffles Place,0.296747967,0.41463414600000004,0.74796748,0.11788617900000001,,POINT (1.317439152 103.8073792),26.0,3.0
10,400,CC21,CC21,,,False,,,21.0,,,,,,,,,,,Holland Village,106599.75,113445.75,2.0,278995,23891.21523,32726.41283,1.312240296,103.79639909999999,Leedon Park,Bukit Timah,Central,operational,False,False,"7,5N,106,75,NR8,165,970,7B,95,48,77,61",12,6440.0,False,6.449275377999999,Jurong East,0.36178861799999995,0.42276422799999996,0.81300813,0.06097561,,POINT (1.312240296 103.79639909999999),27.0,2.0
11,440,CC22/EW21,CC22,EW21,,True,,,22.0,21.0,,,,,,,,,,Buona Vista,305493.5,279576.75,2.0,139345,23207.2578,32171.7151,1.307223708,103.7902535,One North,Queenstown,Central,operational,True,True,"92B,147,95B,196,111,105,92M,198,NR5,185,200A,NR8,100,74,200,191,92,91,106,95,92A,14",22,720.0,False,6.061857011,Jurong East,0.678861789,0.24796748,0.731707317,-0.430894309,,POINT (1.307223708 103.7902535),25.0,4.0
12,480,CC23,CC23,,,False,,,23.0,,,,,,,,,,,one-north,132341.25,128568.75,1.0,138647,22896.072809999998,31346.4081,1.299759875,103.7874575,One North,Queenstown,Central,operational,False,False,"191,91",2,720.0,False,6.245205184,Jurong East,0.052845527999999996,0.24796748,0.772357724,0.19512195100000002,,POINT (1.299759875 103.7874575),27.0,6.0
13,520,CC24,CC24,,,False,,,24.0,,,,,,,,,,,Kent Ridge,239850.5,230404.0,1.0,118177,22575.01071,30657.933289999997,1.293533499,103.78457270000001,National University Of S'Pore,Queenstown,Central,operational,False,False,"166,92,92B,33A,97,200A,963e,200,92A,95,95B,963,33,197,14",15,240.0,False,6.4424871029999995,Jurong East,0.47967479700000004,0.18292682899999999,0.804878049,-0.296747967,,POINT (1.293533499 103.78457270000001),20.0,6.0
14,560,CC25,CC25,,,False,,,25.0,,,,,,,,,,,Haw Par Villa,91745.25,85259.75,2.0,117396,22261.1431,29445.80204,1.282571358,103.7817527,Pasir Panjang 1,Queenstown,Central,operational,False,False,"30,200A,51,176,175,200,10,143,188,30e",10,4510.0,False,7.133194912,Jurong East,0.296747967,0.39837398399999996,0.87804878,0.101626016,,POINT (1.282571358 103.7817527),6.0,3.0
15,600,CC26,CC26,,,False,,,26.0,,,,,,,,,,,Pasir Panjang,71427.0,75581.25,1.0,117424,23329.26471,28742.765760000002,1.276213522,103.7913503,Port,Queenstown,Central,operational,False,False,"30,51,176,188e,175,10,143,188,30e",9,120.0,False,6.740080252,Raffles Place,0.25203252,0.146341463,0.853658537,-0.10569105699999999,,POINT (1.276213522 103.7913503),9.0,4.0
16,640,CC27,CC27,,,False,,,27.0,,,,,,,,,,,Labrador Park,49590.25,51106.25,1.0,109029,24584.77505,28304.9441,1.272254177,103.8026316,Maritime Square,Bukit Merah,Central,operational,False,False,"166,93,30,57,97,963,51,176,100,175,10,120,143,188,30e,61",16,3620.0,False,5.586505633,Raffles Place,0.520325203,0.365853659,0.658536585,-0.154471545,,POINT (1.272254177 103.8026316),14.0,6.0
17,680,CC28,CC28,,,False,,,28.0,,,,,,,,,,,Telok Blangah,54512.5,53591.0,0.0,109028,25378.2908,28133.79905,1.270706477,103.80976159999999,Maritime Square,Bukit Merah,Central,operational,False,False,"143,93,166,30,57,61,97,963,176,100,124,10,120,97e,188R,188,963R",17,3620.0,False,4.86991539,Raffles Place,0.548780488,0.365853659,0.56097561,-0.18292682899999999,,POINT (1.270706477 103.80976159999999),16.0,7.0
18,720,CC3,CC3,,,False,,,3.0,,,,,,,,,,,Esplanade,76862.0,67622.0,2.0,189562,30421.99348,30671.62777,1.293657725,103.8550812,City Hall,Downtown Core,Central,operational,False,False,"130,850E,162M,107M,70,502,131,961M,196A,133,196,111,56,656,961,665,162,660,36,16M,857,502A,167,652,100,10e,518,10,196e,951E,77,960,14e,131A,107,57,857B,106,36B,960e,16,518A,663,14",44,80.0,False,1.1337268520000001,Raffles Place,0.93495935,0.12601626,0.113821138,-0.8089430890000001,,POINT (1.293657725 103.8550812),50.0,42.0
19,760,CC4/DT15,CC4,DT15,,True,,,4.0,,,,,15.0,,,,,,Promenade,170624.25,179801.5,2.0,39193,31008.36188,30709.257810000003,1.293997986,103.86035,Marina Centre,Downtown Core,Central,operational,True,True,"97,162M,107M,502,97e,133,111,868E,36,857,502A,518,857B,70A,106,70M,36B,36A,518A",19,10.0,False,1.4769503640000001,Raffles Place,0.589430894,0.032520325,0.17073170699999998,-0.556910569,,POINT (1.293997986 103.86035),40.0,35.0
20,800,CC5,CC5,,,False,,,5.0,,,,,,,,,,,Nicoll Highway,52465.0,53374.5,2.0,38970,31374.164930000003,31347.152869999998,1.2997668470000001,103.863637,Nicoll,Downtown Core,Central,operational,False,False,"196,70A,70M,70,14A,10,16,196A,16M,14",10,290.0,False,2.20382304,Raffles Place,0.296747967,0.203252033,0.243902439,-0.093495935,,POINT (1.2997668470000001 103.863637),42.0,28.0
21,840,CC6,CC6,,,False,,,6.0,,,,,,,,,,,Stadium,93102.25,95493.75,2.0,397692,32676.347710000002,31683.94076,1.302812468,103.8753377,Tanjong Rhu,Kallang,Central,operational,False,False,11,1,11110.0,False,3.37082345,Raffles Place,0.016260163,0.5447154470000001,0.382113821,0.528455285,,POINT (1.302812468 103.8753377),40.0,17.0
22,880,CC7,CC7,,,False,,,7.0,,,,,,,,,,,Mountbatten,90921.5,93317.0,2.0,398006,33476.56343,32058.74185,1.306201905,103.8825281,Aljunied,Geylang,Central,operational,False,False,"196,30,11,158,14A,158A,12,196A,401,14",10,39990.0,False,4.237082533,Raffles Place,0.296747967,0.8861788620000001,0.487804878,0.589430894,,POINT (1.306201905 103.8825281),36.0,10.0
23,920,CC8,CC8,,,False,,,8.0,,,,,,,,,,,Dakota,114832.0,101820.0,2.0,397973,34204.0253,32318.174460000002,1.308547984,103.8890647,Aljunied,Geylang,Central,operational,False,False,"32,30,33,33B,10,31,16,401,16M,30e",10,39990.0,False,4.984850374,Raffles Place,0.296747967,0.8861788620000001,0.577235772,0.589430894,,POINT (1.308547984 103.8890647),38.0,9.0
24,960,CE1/DT16,CE1,DT16,,True,,,,,,,1.0,16.0,,,,,,Bayfront,282228.0,289490.75,2.0,18957,30867.00927,29368.625030000003,1.281873789,103.85907979999999,Bayfront Subzone,Downtown Core,Central,operational,False,True,"NR6,502A,97,106,NR1,518,502,97e,518A,133",10,0.0,,,,,,,,,POINT (1.281873789 103.85907979999999),26.0,25.0
25,1000,CG1/DT35,CG1,DT35,,True,,,,,,,,35.0,,,,1.0,,Expo,132057.25,132488.0,2.0,485985,42362.603460000006,35285.70839,1.3353825259999998,103.9623747,Xilin,Tampines,East,operational,False,True,"20,118,47",3,1760.0,False,2.763834563,Tampines,0.089430894,0.321138211,0.31707317100000004,0.231707317,,POINT (1.3353825259999998 103.9623747),15.0,3.0
26,1040,CG2,CG2,,,False,,,,,,,,,,,,2.0,,Changi Airport,101091.5,98673.25,2.0,819661,45201.32039,37729.193380000004,1.357478974,103.98788359999999,Changi Airport,Changi,East,operational,True,False,"53A,858,24,858B,27,53,110,34B,34,36",10,10.0,False,4.773682429,Tampines,0.296747967,0.032520325,0.552845528,-0.264227642,,POINT (1.357478974 103.98788359999999),2.0,1.0
27,1080,DT10,DT10,,,False,,,,,,,,10.0,,,,,,Stevens,70168.0,57205.25,2.0,257877,27188.22996,33591.66086,1.320065558,103.82602440000001,Nassim,Tanglin,Central,operational,False,True,"170A,105,190,972A,NR3,960e,NR2,190A,48,960,132,972M,67,972",14,9520.0,False,4.895610882,Raffles Place,0.447154472,0.487804878,0.569105691,0.040650407,,POINT (1.320065558 103.82602440000001),30.0,22.0
28,1120,DT13,DT13,,,False,,,,,,,,13.0,,,,,,Rochor,111988.75,115462.5,2.0,188505,30164.70185,31798.87668,1.303852185,103.8527694,Bencoolen,Rochor,Central,operational,False,False,"170A,131A,56,851e,166,57,851,23,960e,131,48,960,4N,2N,67,980",16,1310.0,False,2.198307019,Raffles Place,0.520325203,0.296747967,0.23577235800000002,-0.223577236,,POINT (1.303852185 103.8527694),56.0,49.0
29,1160,DT17,DT17,,,False,,,,,,,,17.0,,,,,,Downtown,135764.75,135289.0,1.0,18969,30172.668810000003,29100.208769999997,1.279446382,103.8528408,Central Subzone,Downtown Core,Central,operational,False,False,"130,186,672,97,670,653,850E,651,671,70,131,97e,502,982E,196A,513,666,133,196,656,970,665,655,162,660,502A,167,652,75,100,661,10e,10,196e,951E,667,654,131A,107,57,668,657,106,400,663",45,880.0,False,0.542423165,Raffles Place,0.943089431,0.264227642,0.048780488,-0.678861789,,POINT (1.279446382 103.8528408),27.0,25.0
30,1200,DT18,DT18,,,False,,,,,,,,18.0,,,,,,Telok Ayer,132294.25,141547.5,1.0,48416,29706.12592,29390.195389999997,1.282068948,103.8486488,Chinatown,Outram,Central,operational,False,False,"130,186,850E,70,131,196,656,970,665,868E,162,660,167,652,75,100,10e,10,196e,951E,107,57,663",23,10490.0,False,0.38740378799999997,Raffles Place,0.719512195,0.520325203,0.040650407,-0.19918699199999998,,POINT (1.282068948 103.8486488),36.0,34.0
31,1240,DT2,DT2,,,False,,,,,,,,2.0,,,,,,Cashew,37019.25,29857.25,2.0,679696,20334.55891,39092.85854,1.369815449,103.7644392,Jelebu,Bukit Panjang,West,operational,False,False,"170A,961,184,176,75,178,970,177,963,961M,67",11,31310.0,False,4.762761326000001,Jurong East,0.337398374,0.7886178859999999,0.5447154470000001,0.45121951200000004,,POINT (1.369815449 103.7644392),19.0,9.0
32,1280,DT20,DT20,,,False,,,,,,,,20.0,,,,,,Fort Canning,59072.5,62220.75,2.0,179038,29225.627610000003,30541.60877,1.292481948,103.8443314,Clarke Quay,Singapore River,Central,operational,False,False,"NR6,5N,195,139,2N,1N,32,195A,NR5,6N,NR8,64,NR3,NR2,4N,123,NR1,3N,143,54",20,130.0,False,1.2213428370000001,Raffles Place,0.62195122,0.158536585,0.13008130099999998,-0.463414634,,POINT (1.292481948 103.8443314),58.0,48.0
33,1320,DT21,DT21,,,False,,,,,,,,21.0,,,,,,Bencoolen,72228.0,67475.0,2.0,189658,29895.86395,31253.32587,1.298918434,103.8503538,Bencoolen,Rochor,Central,operational,False,False,"NR6,147,5N,850E,124,147A,162M,139,131,502,2N,1N,111,56,656,665,162,660,166,36,16M,857,502A,167,190,6N,174,652,65,64,175,518,951E,77,4N,174e,131A,14e,7,857B,106,3N,36B,16,518A,663,14",47,1310.0,False,1.64949142,Raffles Place,0.9552845529999999,0.296747967,0.203252033,-0.658536585,,POINT (1.298918434 103.8503538),60.0,49.0
34,1360,DT22,DT22,,,False,,,,,,,,22.0,,,,,,Jalan Besar,80820.75,87332.5,0.0,208826,30445.85298,31944.74962,1.305171388,103.8552957,Sungei Road,Rochor,Central,operational,False,False,"170A,130,147,147A,139,2N,851,48,67,857,851e,64,65,23,960,4N,57,857B,960e",19,2050.0,False,2.378679686,Raffles Place,0.589430894,0.333333333,0.284552846,-0.25609756100000003,,POINT (1.305171388 103.8552957),54.0,45.0
35,1400,DT23,DT23,,,False,,,,,,,,23.0,,,,,,Bendemeer,48946.25,49219.0,1.0,339356,31300.767610000003,32884.770919999995,1.313672528,103.8629776,Kallang Bahru,Kallang,Central,operational,False,False,"961,175,107M,961M,107,61",6,20.0,False,3.52606839,Raffles Place,0.150406504,0.073170732,0.39837398399999996,-0.07723577200000001,,POINT (1.313672528 103.8629776),50.0,24.0
36,1440,DT24,DT24,,,False,,,,,,,,24.0,,,,,,Geylang Bahru,74081.75,73595.5,0.0,339355,32262.86126,33728.31269,1.321301102,103.8716226,Geylang Bahru,Kallang,Central,operational,False,False,"26,853,175,107M,853M,140,107,61",8,11280.0,False,4.702203235,Raffles Place,0.223577236,0.552845528,0.520325203,0.329268293,,POINT (1.321301102 103.8716226),49.0,7.0
37,1480,DT25,DT25,,,False,,,,,,,,25.0,,,,,,Mattar,56477.25,59515.25,2.0,379314,33556.583439999995,34344.85853,1.326876715,103.8832475,Macpherson,Geylang,Central,operational,False,False,"155,135,154,158,65,40,63,63A,63M,61",10,28360.0,False,5.923120647999999,Raffles Place,0.296747967,0.735772358,0.707317073,0.43902439,,POINT (1.326876715 103.8832475),32.0,3.0
38,1520,DT27,DT27,,,False,,,,,,,,27.0,,,,,,Ubi,112029.0,111569.5,2.0,408899,35334.89183,34687.41099,1.32997426,103.8992267,Kampong Ubi,Geylang,Central,operational,False,False,"61,63,137,65,8,63A,63M,22",8,11800.0,False,5.725692256,Tampines,0.223577236,0.577235772,0.674796748,0.35365853700000005,,POINT (1.32997426 103.8992267),30.0,2.0
39,1560,DT28,DT28,,,False,,,,,,,,28.0,,,,,,Kaki Bukit,141341.5,137041.25,2.0,415804,36362.378280000004,35239.552260000004,1.33496736,103.9084593,Kaki Bukit,Bedok,East,operational,False,False,"15A,5,59,58A,87,15,58B,58",8,37150.0,False,4.559287374,Tampines,0.223577236,0.825203252,0.504065041,0.601626016,,POINT (1.33496736 103.9084593),24.0,4.0
40,1600,DT29,DT29,,,False,,,,,,,,29.0,,,,,,Bedok North,105759.0,96387.25,0.0,479481,37421.743819999996,35214.680389999994,1.334742117,103.91797829999999,Kaki Bukit,Bedok,East,operational,False,False,"87,23,518,137,137A,60,60T",7,37150.0,False,3.657719985,Tampines,0.18699187,0.825203252,0.406504065,0.638211382,,POINT (1.334742117 103.91797829999999),26.0,3.0
41,1640,DT3,DT3,,,False,,,,,,,,3.0,,,,,,Hillview,92629.75,84220.75,0.0,678211,20666.06755,38266.78985,1.362344868,103.7674183,Nature Reserve,Bukit Panjang,West,operational,False,False,"170A,973,961,653,184,176,75,178,970,963,961M,67",12,3850.0,False,4.282728415,Jurong East,0.36178861799999995,0.382113821,0.495934959,0.020325203,,POINT (1.362344868 103.7674183),21.0,11.0
42,1680,DT30,DT30,,,False,,,,,,,,30.0,,,,,,Bedok Reservoir,102690.75,98861.5,0.0,469724,39008.313160000005,35421.04087,1.33660783,103.93223459999999,Bedok Reservoir,Bedok,East,operational,False,False,"5,21,59,168,46,65,69,CT18,28,18,228,2N,67",13,25470.0,False,2.34634673,Tampines,0.406504065,0.6910569109999999,0.276422764,0.284552846,,POINT (1.33660783 103.93223459999999),33.0,8.0
43,1720,DT31,DT31,,,False,,,,,,,,31.0,,,,,,Tampines West,110811.5,117267.5,0.0,529683,39698.52759,36406.01433,1.345515306,103.938437,Tampines West,Tampines,East,operational,False,False,"46,513,2N,18,5,15,129,8,67,15A,59,118B,65,23,518,69,28,21,118,168,118A",21,79670.0,False,1.14263002,Tampines,0.650406504,0.967479675,0.12195122,0.31707317100000004,,POINT (1.345515306 103.938437),29.0,10.0
44,1760,DT33,DT33,,,False,,,,,,,,33.0,,,,,,Tampines East,244577.25,228995.25,0.0,529623,41501.07485,37586.61776,1.3561914830000001,103.9546345,Tampines East,Tampines,East,operational,False,False,"9A,19,34B,12,293T,34,18,37,17,29A,8,3,4,59,38,518,81,29,21,12e,293,39,9",23,130980.0,False,1.102787123,Tampines,0.719512195,0.9959349590000001,0.097560976,0.276422764,,POINT (1.3561914830000001 103.9546345),25.0,11.0
45,1800,DT34,DT34,,,False,,,,,,,,34.0,,,,,,Upper Changi,54853.5,50693.75,2.0,485990,42262.18797,35988.65688,1.341739774,103.9614728,Simei,Tampines,East,operational,False,False,"24,2,5,4N",4,39450.0,False,2.224288376,Tampines,0.10569105699999999,0.857723577,0.25203252,0.75203252,,POINT (1.341739774 103.9614728),19.0,7.0
46,1840,DT5,DT5,,,False,,,,,,,,5.0,,,,,,Beauty World,160784.0,162179.75,0.0,588216,21598.16648,35931.235889999996,1.341223176,103.7757943,Anak Bukit,Bukit Timah,Central,operational,False,False,"170A,852,961M,961,157,970,985,67,174,75,52,77,174e,66,61,184,41,3N,173",19,21870.0,False,3.831476629,Jurong East,0.589430894,0.650406504,0.430894309,0.06097561,,POINT (1.341223176 103.7757943),17.0,4.0
47,1880,DT6,DT6,,,False,,,,,,,,6.0,,,,,,King Albert Park,86568.5,79996.5,2.0,599987,22444.489569999998,35316.247910000006,1.335661613,103.7833991,Holland Road,Bukit Timah,Central,operational,False,False,"170A,174,961,154,157,74,970,151,852,77,961M,67",12,10840.0,False,4.578800951,Jurong East,0.36178861799999995,0.5365853660000001,0.5121951220000001,0.174796748,,POINT (1.335661613 103.7833991),19.0,3.0
48,1920,DT7,DT7,,,False,,,,,,,,7.0,,,,,,Sixth Avenue,52803.75,56256.0,2.0,269784,23947.749369999998,34785.0233,1.330857645,103.7969068,Coronation Road,Bukit Timah,Central,operational,False,False,"170A,174,961,154,157,74,970,151,852,77,961M,67,156",13,6690.0,False,6.077242419,Jurong East,0.406504065,0.43495935,0.7398373979999999,0.028455285,,POINT (1.330857645 103.7969068),23.0,3.0
49,1960,DT8,DT8,,,False,,,,,,,,8.0,,,,,,Tan Kah Kee,65075.25,60294.25,1.0,266268,25155.62211,34198.80531,1.325556235,103.8077603,Coronation Road,Bukit Timah,Central,operational,False,False,"170A,174,961,154,157,74,151,852,961M,67,156",11,6690.0,False,6.695115348,Raffles Place,0.337398374,0.43495935,0.8373983740000001,0.097560976,,POINT (1.325556235 103.8077603),20.0,0.0
50,2000,EW1,EW1,,,False,,,,1.0,,,,,,,,,,Pasir Ris,401240.0,386808.5,0.0,519634,40905.597460000005,39449.982339999995,1.373043316,103.94928449999999,Pasir Ris Central,Pasir Ris,East,operational,True,False,"53A,53,359,88,403,12,5,15,17,3,68,15A,89,58B,518,81,4N,21,358,12e,354,89A,3A,6,39,518A,58,109",28,32240.0,False,2.242891314,Tampines,0.7764227640000001,0.7967479670000001,0.26016260199999997,0.020325203,,POINT (1.373043316 103.94928449999999),19.0,10.0
51,2040,EW10,EW10,,,False,,,,10.0,,,,,,,,,,Kallang,142670.25,146412.25,0.0,387405,32236.603839999996,32643.33024,1.31148891,103.8713865,Boon Keng,Kallang,Central,operational,True,False,"26,7A,12,961M,2A,980,141,32,961,62,985,31,63A,853M,33,67,853,51,100,175,13,80,63,7,21,11,21A,2,197,140",30,11790.0,False,3.763491112,Raffles Place,0.821138211,0.569105691,0.42276422799999996,-0.25203252,,POINT (1.31148891 103.8713865),46.0,17.0
52,2080,EW11,EW11,,,False,,,,11.0,,,,,,,,,,Lavender,215537.75,219922.0,2.0,208699,31277.40623,32188.73379,1.307377817,103.8627676,Lavender,Kallang,Central,operational,False,False,"107M,7A,12,961M,2A,980,32,133,961,63A,33,51,100,175,80,63,107,61,7,145,2,197",22,9690.0,False,2.874820352,Raffles Place,0.678861789,0.495934959,0.325203252,-0.18292682899999999,,POINT (1.307377817 103.8627676),44.0,26.0
53,2120,EW12/DT14,EW12,DT14,,True,,,,12.0,,,,14.0,,,,,,Bugis,531980.25,553477.5,2.0,188022,30491.60007,31424.35127,1.300465085,103.8557067,Victoria,Rochor,Central,operational,False,True,"170A,130,7A,12,2A,2N,980,133,32,851,63A,48,33,851e,51,175,80,63,960,4N,61,7,145,57,12e,960e,2,197",28,1760.0,False,1.877151185,Raffles Place,0.7764227640000001,0.321138211,0.219512195,-0.455284553,,POINT (1.300465085 103.8557067),51.0,44.0
54,2160,EW13/NS25,EW13,NS25,,True,25.0,,,13.0,,,,,,,,,,City Hall,424303.5,437093.0,2.0,179100,30144.25038,30591.900810000003,1.292936722,103.8525856,City Hall,Downtown Core,Central,operational,False,True,"130,NR6,5N,195,850E,124,162M,7A,502,131,961M,2N,133,1N,111,32,656,961,851,665,162,660,NR5,195A,63A,166,36,16M,857,851e,502A,167,174,6N,652,51,NR8,175,14A,518,NR2,80,951E,63,77,960,36A,4N,174e,131A,14e,61,7,145,857B,106,NR1,3N,36B,960e,16,197,518A,663,14",65,80.0,False,0.987685186,Raffles Place,1.0,0.12601626,0.081300813,-0.87398374,,POINT (1.292936722 103.8525856),51.0,44.0
55,2200,EW14/NS26,EW14,NS26,,True,26.0,,,14.0,,,,,,,,,,Raffles Place,435195.0,421867.25,1.0,48618,30019.18053,29617.61258,1.28412561,103.8514617,Raffles Place,Downtown Core,Central,operational,False,True,"130,850E,70,131,196A,196,656,665,162,660,868E,167,652,75,100,10e,10,196e,951E,107,131A,57,663",23,40.0,True,0.0,Raffles Place,0.719512195,0.10975609800000001,0.020325203,-0.609756098,,POINT (1.28412561 103.8514617),35.0,34.0
56,2240,EW15,EW15,,,False,,,,15.0,,,,,,,,,,Tanjong Pagar,360700.5,378395.5,2.0,69119,29380.756739999997,28781.18833,1.276561317,103.8457252,Tanjong Pagar,Downtown Core,Central,operational,False,False,"186,672,670,653,651,671,131,666,656,970,655,665,660,167,652,661,654,667,57,668,657,400,663",23,670.0,False,1.055529408,Raffles Place,0.719512195,0.231707317,0.089430894,-0.487804878,,POINT (1.276561317 103.8457252),32.0,21.0
57,2280,EW16/NE3,EW16,NE3,,True,,,,16.0,3.0,,,,,,,,,Outram Park,385618.0,367691.25,2.0,59816,28681.249289999996,29130.522269999998,1.279720594,103.8394399,Singapore General Hospital,Bukit Merah,Central,operational,True,True,"147,124,147A,12,961M,2,851,961,970,63A,33,CT8,166,851e,190,CT18,63,61,12e,143,54,197",22,10.0,False,1.4233624130000002,Raffles Place,0.678861789,0.032520325,0.154471545,-0.646341463,,POINT (1.279720594 103.8394399),39.0,31.0
58,2320,EW17,EW17,,,False,,,,17.0,,,,,,,,,,Tiong Bahru,350869.5,372828.5,0.0,168731,27346.33227,29836.20442,1.286102536,103.82744509999999,Tiong Bahru Station,Bukit Merah,Central,operational,True,False,"5,33A,123,851,123M,122,195,33,121,195A,NR5,63,63A,16,16M",15,15120.0,False,2.678886759,Raffles Place,0.47967479700000004,0.62601626,0.308943089,0.146341463,,POINT (1.286102536 103.82744509999999),49.0,31.0
59,2360,EW18,EW18,,,False,,,,18.0,,,,,,,,,,Redhill,235756.25,245213.25,2.0,158792,26155.0535,30226.75978,1.2896345340000002,103.81674100000001,Redhill,Bukit Merah,Central,operational,False,False,"32,145,33A,186,63,122,51,33,145A,64,970,139,120,NR5,63A,132",16,10620.0,False,3.908097849,Raffles Place,0.520325203,0.528455285,0.447154472,0.008130080999999999,,POINT (1.2896345340000002 103.81674100000001),39.0,18.0
60,2400,EW19,EW19,,,False,,,,19.0,,,,,,,,,,Queenstown,191998.0,181707.0,0.0,149729,24968.26735,30770.391110000004,1.294550852,103.8060772,Mei Chin,Queenstown,Central,operational,False,False,"111,186,145,195,51,64,970,195A,NR5",9,15570.0,False,5.176712783,Raffles Place,0.25203252,0.634146341,0.609756098,0.382113821,,POINT (1.294550852 103.8060772),30.0,8.0
61,2440,EW2/DT32,EW2,DT32,,True,,,,2.0,,,,32.0,,,,,,Tampines,715309.0,735502.0,0.0,529538,40444.9732,37267.02627,1.3533016759999998,103.9451446,Tampines East,Tampines,East,operational,True,True,"72,19,46,31A,293T,2N,68A,15,37,969A,129,29A,31,8,3,68,4,969,67,291T,15A,27,65,298,23,38,10,69,81,28,29,20,68B,127,21,127A,293,168,291,3A,27A,292",42,130980.0,True,0.0,Tampines,0.9186991870000001,0.9959349590000001,0.020325203,0.07723577200000001,,POINT (1.3533016759999998 103.9451446),27.0,9.0
62,2480,EW20,EW20,,,False,,,,20.0,,,,,,,,,,Commonwealth,208462.75,202702.25,0.0,149735,24094.795140000002,31649.59892,1.302501999,103.79822850000001,Commonwealth,Queenstown,Central,operational,False,False,"32,196,111,145,105,198,147,122,195,100,970,195A,NR5,61",14,7000.0,False,6.260601831000001,Raffles Place,0.447154472,0.447154472,0.780487805,0.0,,POINT (1.302501999 103.79822850000001),22.0,5.0
63,2520,EW22,EW22,,,False,,,,22.0,,,,,,,,,,Dover,165194.0,168151.0,2.0,138677,21914.55093,32634.11863,1.311405293,103.7786378,Singapore Polytechnic,Queenstown,Central,operational,False,False,"105,147,106,NR8,74,NR5,166,185,14",9,100.0,False,4.709315351,Jurong East,0.25203252,0.138211382,0.5365853660000001,-0.113821138,,POINT (1.311405293 103.7786378),27.0,6.0
64,2560,EW23,EW23,,,False,,,,23.0,,,,,,,,,,Clementi,627584.5,662673.0,2.0,129580,20418.105509999998,33044.49447,1.315116253,103.7651915,Clementi Central,Clementi,West,operational,True,False,"147,154,5N,106A,196,284,99,105,201,NR5,285,166,185,96,NR8,175,7B,52,14,78,7,189,106,184,96B,165,183,105B,154B,96A,173,282,156",33,14000.0,False,3.24126178,Jurong East,0.8495934959999999,0.601626016,0.37398374,-0.24796748,,POINT (1.315116253 103.7651915),20.0,4.0
65,2600,EW24/NS1,EW24,NS1,,True,1.0,,,24.0,,,,,,,,,,Jurong East,985138.25,998749.5,2.0,609690,17869.05705,35038.96887,1.333152816,103.7422863,Jurong Gateway,Jurong East,West,operational,True,True,"98M,97,506,98,143M,334,97e,105,160,183B,333,51A,197,167,51,49,160M,52,66,78,990,105B,41,183,143,160A,335",27,450.0,True,0.0,Jurong East,0.764227642,0.219512195,0.020325203,-0.5447154470000001,,POINT (1.333152816 103.7422863),37.0,6.0
66,2640,EW25,EW25,,,False,,,,25.0,,,,,,,,,,Chinese Garden,136837.0,130517.25,0.0,609959,16790.74663,36056.301889999995,1.342352821,103.7325967,Lakeside (Leisure),Jurong East,West,operational,False,False,"180,335,180A",3,1070.0,False,1.485512896,Jurong East,0.089430894,0.284552846,0.178861789,0.19512195100000002,,POINT (1.342352821 103.7325967),36.0,7.0
67,2680,EW26,EW26,,,False,,,,26.0,,,,,,,,,,Lakeside,506201.75,454782.5,0.0,649845,15494.49695,36267.14703,1.344259115,103.7209491,Taman Jurong,Jurong West,West,operational,False,False,"180,154B,98M,98A,246,187,154,98B,49,180A,98,240,240M,240A,154A,335",16,39920.0,False,2.674180152,Jurong East,0.520325203,0.8699186990000001,0.300813008,0.349593496,,POINT (1.344259115 103.7209491),19.0,6.0
68,2720,EW27,EW27,,,False,,,,27.0,,,,,,,,,,Boon Lay,681791.25,779604.5,0.0,649846,13837.982719999998,35641.91912,1.338604055,103.70606459999999,Jurong West Central,Jurong West,West,operational,True,False,"246,249,974A,154,5N,180A,181,180,243G,405,242,79A,198,974,181M,157,178,258,240,NR5,240M,243W,193,30,179A,174,187,192,252,241,179,199,174e,79,172,251,194,198A,154B",39,63760.0,False,4.071943124,Jurong East,0.898373984,0.9552845529999999,0.463414634,0.056910569,,POINT (1.338604055 103.70606459999999),16.0,5.0
69,2760,EW28,EW28,,,False,,,,28.0,,,,,,,,,,Pioneer,439003.0,343828.25,0.0,648310,12864.96983,35529.51155,1.3375870109999999,103.6973216,Jurong West Central,Jurong West,West,operational,False,False,"193,502A,974A,5N,192,974,651,241,179,241A,502,258,185",13,63760.0,False,5.022747923,Jurong East,0.406504065,0.9552845529999999,0.593495935,0.548780488,,POINT (1.3375870109999999 103.6973216),13.0,5.0
70,2800,EW29,EW29,,,False,,,,29.0,,,,,,,,,,Joo Koon,261623.0,265213.25,1.0,629116,10756.33797,34438.26178,1.3277170409999999,103.678375,Joo Koon,Pioneer,West,operational,True,False,"99,254,257,255,193,252,974A,182,192,253,974,258,182M",13,30.0,False,7.1303610410000005,Jurong East,0.406504065,0.093495935,0.8699186990000001,-0.31300813,,POINT (1.3277170409999999 103.678375),7.0,1.0
71,2840,EW3,EW3,,,False,,,,3.0,,,,,,,,,,Simei,240202.0,239028.0,0.0,529888,41361.22817,36149.75278,1.343197079,103.9533772,Simei,Tampines,East,operational,False,False,"20,9A,5,38,4N,9",6,39450.0,False,1.4491265709999999,Tampines,0.150406504,0.857723577,0.162601626,0.707317073,,POINT (1.343197079 103.9533772),25.0,9.0
72,2880,EW30,EW30,,,False,,,,30.0,,,,,,,,,,Gul Circle,67563.5,58921.0,1.0,637288,8770.351501000001,33526.57337,1.3194709009999999,103.66053050000001,Gul Circle,Pioneer,West,operational,False,False,"192,193",2,20.0,False,9.21484949,Jurong East,0.052845527999999996,0.073170732,0.967479675,0.020325203,,POINT (1.3194709009999999 103.66053050000001),2.0,0.0
73,2920,EW31,EW31,,,False,,,,31.0,,,,,,,,,,Tuas Crescent,70984.5,62332.25,1.0,639608,7495.837867,33698.726310000005,1.3210269559999999,103.6490782,Tuas North,Tuas,West,operational,False,False,"254,247",2,30.0,False,10.44884849,Jurong East,0.052845527999999996,0.093495935,0.983739837,0.040650407,,POINT (1.3210269559999999 103.6490782),4.0,0.0
74,2960,EW32,EW32,,,False,,,,32.0,,,,,,,,,,Tuas West Road,73748.25,68619.0,1.0,639609,6442.928612,34689.35177,1.329985047,103.6396166,Tuas Bay,Tuas,West,operational,False,False,"248M,254,193,192,248",5,10.0,False,11.41870103,Jurong East,0.12195122,0.032520325,0.9918699190000001,-0.089430894,,POINT (1.329985047 103.6396166),6.0,0.0
75,3000,EW33,EW33,,,False,,,,33.0,,,,,,,,,,Tuas Link,43759.0,43322.25,1.0,638418,6150.862788,35894.35822,1.340882425,103.63699140000001,Tuas Promenade,Tuas,West,operational,True,False,"248M,193,247,182,192,248,182M",7,10.0,False,11.73658452,Jurong East,0.18699187,0.032520325,1.0,-0.154471545,,POINT (1.340882425 103.63699140000001),,0.0
76,3040,EW4,EW4,,,False,,,,4.0,,,,,,,,,,Tanah Merah,213956.0,192887.25,2.0,467356,40579.099780000004,34379.43168,1.327187291,103.9463486,Bedok South,Bedok,East,operational,False,False,"9A,24,35M,47,12e,9,45,35,14A,38,12,31,31A,48,2,2A,14",17,46690.0,False,2.906870028,Tampines,0.548780488,0.9186991870000001,0.333333333,0.36991869899999996,,POINT (1.327187291 103.9463486),25.0,5.0
77,3080,EW5,EW5,,,False,,,,5.0,,,,,,,,,,Bedok,464385.25,460489.25,0.0,467347,38757.95205,34024.70478,1.323979969,103.9299845,Bedok North,Bedok,East,operational,True,False,"9A,155,26,854,24,87,17A,7A,137,196A,401,18,228,222A,30e,196,9,32,60T,2A,229,17,31,25,33,222,60,16M,67,30,35M,854e,225W,33B,14A,38,69,28,4N,225G,7,222B,168,35,40,2,16,197,137A,14",50,81840.0,False,3.6702170880000002,Tampines,0.983739837,0.975609756,0.41463414600000004,-0.008130080999999999,,POINT (1.323979969 103.9299845),26.0,3.0
78,3120,EW6,EW6,,,False,,,,6.0,,,,,,,,,,Kembangan,128632.75,154699.0,0.0,416551,36861.961489999994,33699.34405,1.3210381340000001,103.9129479,Kembangan,Bedok,East,operational,False,False,"26,24,32,854,30,7,135,28,42,25,2,33,2A,67",14,37460.0,False,5.067609322,Tampines,0.447154472,0.8373983740000001,0.601626016,0.39024390200000003,,POINT (1.3210381340000001 103.9129479),43.0,10.0
79,3160,EW7,EW7,,,False,,,,7.0,,,,,,,,,,Eunos,186464.75,217598.0,0.0,409423,35779.98835,33560.5859,1.319783549,103.90322579999999,Geylang East,Geylang,Central,operational,True,False,"26,155,24,854,60A,154,150,2,2A,60T,76,30e,2N,94,15,25,63A,60,67,22,93,30,51,13,28,63,55,61,94A,21,7,63M,966",33,29920.0,False,5.967029527999999,Tampines,0.8495934959999999,0.7764227640000001,0.715447154,-0.073170732,,POINT (1.319783549 103.90322579999999),42.0,7.0
80,3200,EW8/CC9,EW8,CC9,,True,,,9.0,8.0,,,,,,,,,,Paya Lebar,549158.0,562957.25,2.0,409049,34559.69169,33280.11819,1.317247385,103.8922608,Geylang East,Geylang,Central,operational,False,True,"26,155,24,135,154,70,137,2A,76,43,134,853M,67,30,51,13,43e,28,21,70A,70M,40,2,197",24,29920.0,False,5.842508642,Raffles Place,0.75203252,0.7764227640000001,0.6910569109999999,0.024390244,,POINT (1.317247385 103.8922608),46.0,9.0
81,3240,EW9,EW9,,,False,,,,9.0,,,,,,,,,,Aljunied,273550.75,270850.75,0.0,388310,33518.604869999996,33190.00202,1.316432612,103.882906,Aljunied,Geylang,Central,operational,False,False,"26,80A,137,2A,100A,158,62A,62,63A,853M,67,125,51,100,13,80,158A,63,21,125A,40,2",22,39990.0,False,5.012384629,Raffles Place,0.678861789,0.8861788620000001,0.585365854,0.20731707300000002,,POINT (1.316432612 103.882906),42.0,7.0
82,3280,NE1/CC29,NE1,CC29,,True,,,29.0,,1.0,,,,,,,,,HarbourFront,459318.5,469893.0,2.0,98867,26688.0367,27545.853430000003,1.2653893840000001,103.8215302,Maritime Square,Bukit Merah,Central,operational,True,True,"NR6,97,131,97e,188R,30e,166,963R,30,65,100,855,10,80,61,145,57,123M,NR1,143",20,3620.0,False,3.925822591,Raffles Place,0.62195122,0.365853659,0.455284553,-0.25609756100000003,,POINT (1.2653893840000001 103.8215302),16.0,5.0
83,3320,NE10,NE10,,,False,,,,,10.0,,,,,,,,,Potong Pasir,205775.75,212478.5,2.0,347694,31977.166760000004,34842.7251,1.33137949,103.8690557,Potong Pasir,Toa Payoh,Central,operational,False,False,"NR6,853,147,506,13,147A,107M,142A,142,853M,107,133",12,11720.0,False,5.606602971,Raffles Place,0.36178861799999995,0.56097561,0.666666667,0.19918699199999998,,POINT (1.33137949 103.8690557),40.0,6.0
84,3360,NE11,NE11,,,False,,,,,11.0,,,,,,,,,Woodleigh,95206.0,90662.75,2.0,347695,32173.31857,35706.37936,1.339190045,103.8708183,Bidadari,Toa Payoh,Central,operational,True,False,"155,NR6,853,135,100A,147,506,100,13,147A,107M,853M,107,133",14,0.0,,,,,,,,,POINT (1.339190045 103.8708183),28.0,4.0
85,3400,NE12/CC13,NE12,CC13,,True,,,13.0,,12.0,,,,,,,,,Serangoon,396464.25,365645.5,0.0,556082,32390.68525,36971.75455,1.350633615,103.8727717,Serangoon Central,Serangoon,North-East,operational,True,True,"NR6,135,53,109A,147,506,101,147A,107M,70,116A,103,100A,133,58A,43,105,153,158,45,853M,70B,22,53M,43M,853,315,100,81,45A,107,70A,70M,317,82,116,58,109",38,24760.0,False,7.765507496000001,Raffles Place,0.8821138209999999,0.674796748,0.926829268,-0.20731707300000002,,POINT (1.350633615 103.8727717),25.0,6.0
86,3440,NE13,NE13,,,False,,,,,13.0,,,,,,,,,Kovan,285604.75,288440.5,0.0,534799,33758.7578,38027.27944,1.360179171,103.8850649,Kovan,Hougang,North-East,operational,False,False,"119,153,112,101,112A,82,107M,81,80,80A,115,113A,113,107,136",15,24810.0,False,6.7223257720000005,Tampines,0.47967479700000004,0.682926829,0.845528455,0.203252033,,POINT (1.360179171 103.8850649),27.0,7.0
87,3480,NE14,NE14,,,False,,,,,14.0,,,,,,,,,Hougang,435468.75,429617.5,0.0,538758,34572.87525,39256.128280000004,1.371292266,103.8923805,Hougang Central,Hougang,North-East,operational,True,False,"161,325,72,87,147,101,147A,107M,151,80A,324,329,153,112,62A,112A,62,132,102,27,89,6N,51,74,80,113,107,165,82,72A,89e,116",32,4720.0,False,6.197197586000001,Tampines,0.833333333,0.406504065,0.7560975609999999,-0.426829268,,POINT (1.371292266 103.8923805),24.0,8.0
88,3520,NE15,NE15,,,False,,,,,15.0,,,,,,,,,Buangkok,243492.25,238024.75,0.0,545061,34655.42506,40536.340169999996,1.38287002,103.89312259999998,Compassvale,Sengkang,North-East,operational,True,True,"102,27,43M,43,43e,114",6,20960.0,False,6.652238434,Tampines,0.150406504,0.642276423,0.8292682929999999,0.491869919,,POINT (1.38287002 103.89312259999998),28.0,8.0
89,3560,NE16/STC,NE16,STC,,True,,,,,16.0,,,,,,,,0.0,Sengkang,591570.0,618477.0,0.0,545062,34918.27401,41512.12769,1.391694626,103.89548470000001,Sengkang Town Centre,Sengkang,North-East,operational,True,False,"161,119,NR6,87,85A,80A,50,374,43,85,371,159A,102,27,43M,89,163A,43e,80,965T,965,109,163,372,159,86,83T,27A,89e,110,83,156",32,61790.0,False,6.978497697000001,Tampines,0.833333333,0.943089431,0.861788618,0.10975609800000001,,POINT (1.391694626 103.89548470000001),31.0,10.0
90,3600,NE17/PTC,NE17,PTC,,True,,,,,17.0,,,,0.0,,0.0,,,Punggol,560504.0,545649.5,0.0,828868,35651.3828,42933.24827,1.4045465369999999,103.9020726,Matilda,Punggol,North-East,operational,True,True,"381,119,117,34A,34,50,43,85,386,62A,62,386A,3,382A,117M,382,136,43M,6N,84,43e,382W,384,118,382G,83T,82,39,83",29,52200.0,False,7.442719678,Tampines,0.800813008,0.926829268,0.894308943,0.12601626,,POINT (1.4045465369999999 103.9020726),22.0,7.0
91,3640,NE4/DT19,NE4,DT19,,True,,,,,4.0,,,19.0,,,,,,Chinatown,590519.25,581757.0,2.0,58362,29316.049,29628.478939999997,1.284223919,103.8451438,China Square,Outram,Central,operational,False,True,"186,147,124,147A,12,961M,2A,2,961,851,970,63A,33,CT8,166,851e,190,174,51,80,CT18,63,174e,61,145,12e,143,54,197",29,1430.0,False,0.7024270459999999,Raffles Place,0.800813008,0.308943089,0.056910569,-0.491869919,,POINT (1.284223919 103.8451438),39.0,40.0
92,3680,NE5,NE5,,,False,,,,,5.0,,,,,,,,,Clarke Quay,135925.5,138023.5,2.0,59815,29473.124939999998,30088.703789999996,1.288386024,103.8465552,Clarke Quay,Singapore River,Central,operational,False,False,"NR6,5N,195,147,124,147A,12,961M,2N,2A,1N,32,851,961,195A,NR5,63A,33,166,851e,190,174,6N,51,NR8,NR3,NR2,80,63,4N,174e,61,145,12e,NR1,3N,2,54,197",39,130.0,False,0.7224482440000001,Raffles Place,0.898373984,0.158536585,0.06504065,-0.7398373979999999,,POINT (1.288386024 103.8465552),48.0,45.0
93,3720,NE7/DT12,NE7,DT12,,True,,,,,7.0,,,12.0,,,,,,Little India,306848.5,326560.0,2.0,229900,29817.20857,32124.85018,1.306800197,103.84964709999998,Farrer Park,Rochor,Central,operational,False,True,"170A,NR6,147,5N,139,131,980,1N,56,851,48,166,67,857,851e,6N,64,65,23,960,131A,57,3N,960e",24,2660.0,False,2.529355828,Raffles Place,0.75203252,0.345528455,0.292682927,-0.406504065,,POINT (1.306800197 103.84964709999998),56.0,46.0
94,3760,NE8,NE8,,,False,,,,,8.0,,,,,,,,,Farrer Park,299396.75,336114.0,2.0,218703,30243.52065,32689.37956,1.311905573,103.8534777,Farrer Park,Rochor,Central,operational,False,False,"141,131",2,2660.0,False,3.097110107,Raffles Place,0.052845527999999996,0.345528455,0.357723577,0.292682927,,POINT (1.311905573 103.8534777),53.0,42.0
95,3800,NE9,NE9,,,False,,,,,9.0,,,,,,,,,Boon Keng,323272.75,288052.5,0.0,328260,31144.04501,33510.974610000005,1.319335709,103.8615695,Bendemeer,Kallang,Central,operational,False,False,"125,130,NR6,21,857,147,64,65,13,23,985,139,31,140,133",15,37570.0,False,4.073235695,Raffles Place,0.47967479700000004,0.845528455,0.471544715,0.365853659,,POINT (1.319335709 103.8615695),50.0,17.0
96,3840,NS10,NS10,,,False,10.0,,,,,,,,,,,,,Admiralty,702827.25,616087.25,0.0,738344,24402.38663,46918.5068,1.4405885619999999,103.8009905,Woodlands East,Woodlands,North,operational,False,False,"965A,913,962,912,965,962C,964,904,901M,NR2,965T,912A,969",13,98980.0,False,1.535814924,Woodlands,0.406504065,0.983739837,0.18699187,0.577235772,,POINT (1.4405885619999999 103.8009905),23.0,9.0
97,3880,NS11,NS11,,,False,11.0,,,,,,,,,,,,,Sembawang,603153.5,607191.5,0.0,759775,26522.98826,47854.19984,1.4490508219999998,103.82004609999998,Sembawang Central,Sembawang,North,operational,True,False,"858,962B,117,859B,858A,859A,980,656,856,962,883M,117M,167,859T,882,981,882A,NR2,859,883",20,34800.0,False,3.850378231,Woodlands,0.62195122,0.81300813,0.43902439,0.19105691100000002,,POINT (1.4490508219999998 103.82004609999998),22.0,4.0
98,3920,NS12,NS12,,,False,12.0,,,,,,,,,,,,,Canberra,219265.0,202107.25,0.0,756972,27597.596939999996,47193.60088,1.443076641,103.82970259999999,Sembawang Springs,Sembawang,North,operational,False,False,"169A,117,883B,169,883,883M,117M",7,9090.0,False,4.707606121,Woodlands,0.18699187,0.471544715,0.528455285,0.284552846,,POINT (1.443076641 103.82970259999999),21.0,3.0
99,3960,NS13,NS13,,,False,13.0,,,,,,,,,,,,,Yishun,768740.75,815033.75,0.0,769093,28187.678819999997,45686.07054,1.429443085,103.83500500000001,Yishun West,Yishun,North,operational,True,False,"858,854,965A,117,811,807,85A,103,852,860T,858A,811T,171,812,85,856,851,969A,883B,857A,807A,812T,860,800,853M,117M,883M,969,811A,853,851e,857,854e,859T,801,807B,806,803,855,804,805,965,965T,859,169A,857B,169,883,39",49,53910.0,False,5.283332245,Woodlands,0.971544715,0.93495935,0.617886179,-0.036585366,,POINT (1.429443085 103.83500500000001),18.0,4.0
100,4000,NS14,NS14,,,False,14.0,,,,,,,,,,,,,Khatib,486945.5,441021.5,0.0,769092,27962.31086,44352.567989999996,1.41738337,103.83297990000001,Khatib,Yishun,North,operational,False,False,"858,854,670,117,850E,811,807,85A,852,860T,1N,811T,812,85,851,969A,857A,807A,812T,860,853M,117M,969,853,851e,857,854e,807B,117A,855,965,965T,857B,NR1,39",35,10250.0,False,5.420305617,Woodlands,0.861788618,0.5121951220000001,0.642276423,-0.349593496,,POINT (1.41738337 103.83297990000001),16.0,2.0
101,4040,NS15,NS15,,,False,15.0,,,,,,,,,,,,,Yio Chu Kang,344627.5,313783.25,2.0,569813,29294.12623,40413.06264,1.381755871,103.8449473,Yio Chu Kang,Ang Mo Kio,North-East,operational,True,False,"72,162M,70,852,860T,76,71,851,162,860,45,853M,851e,853,13,72B,668,70A,70M,NR1,86,825,72A",23,20.0,False,8.753155351,Woodlands,0.719512195,0.073170732,0.943089431,-0.646341463,,POINT (1.381755871 103.8449473),11.0,3.0
102,4080,NS16,NS16,,,False,16.0,,,,,,,,,,,,,Ang Mo Kio,672066.25,730294.25,0.0,569812,29807.26115,39105.736000000004,1.36993285,103.8495581,Cheng San,Ang Mo Kio,North-East,operational,True,False,"24,130,135,73T,268B,88,138,130A,88A,268C,133,76,268A,1N,50,269,269A,262,73,268,25,138B,132,166,CT8,136,22,159A,261,74,159B,88B,138A,159,265,86,165,169",38,28070.0,False,9.543676125,Raffles Place,0.8821138209999999,0.715447154,0.975609756,-0.166666667,,POINT (1.36993285 103.8495581),22.0,7.0
103,4120,NS17/CC15,NS17,CC15,,True,17.0,,15.0,,,,,,,,,,,Bishan,262513.0,162884.0,0.0,579842,29760.77555,37047.15733,1.351315801,103.84914029999999,Bishan East,Bishan,Central,operational,True,True,"53,88,13A,410W,50,56,71,410,59,55B,410G,13,52,55,57,NR1,54,58,156",19,28310.0,False,7.475663791000001,Raffles Place,0.589430894,0.7235772359999999,0.9024390240000001,0.134146341,,POINT (1.351315801 103.84914029999999),27.0,9.0
104,4160,NS18,NS18,,,False,18.0,,,,,,,,,,,,,Braddell,217247.75,199454.5,0.0,319756,29500.23495,35847.77198,1.340469001,103.8467991,Toa Payoh West,Toa Payoh,Central,operational,False,False,"231,59,235,129,232",5,14360.0,False,6.286503439,Raffles Place,0.12195122,0.6138211379999999,0.7886178859999999,0.491869919,,POINT (1.340469001 103.8467991),25.0,9.0
105,4200,NS19,NS19,,,False,19.0,,,,,,,,,,,,,Toa Payoh,498079.75,526341.0,0.0,319398,29578.48907,34980.89629,1.332629281,103.8475022,Toa Payoh Central,Toa Payoh,Central,operational,True,False,"26,155,73T,88,139,238,142A,141,56,105,153,129,90A,157,73,31,8,90,235,28,142,163,231,145,139M,159,NR1,232,143",29,28020.0,False,5.411293497999999,Raffles Place,0.800813008,0.707317073,0.62601626,-0.093495935,,POINT (1.332629281 103.8475022),28.0,9.0
106,4240,NS2,NS2,,,False,2.0,,,,,,,,,,,,,Bukit Batok,412816.25,434027.75,0.0,659958,18679.32232,36794.92602,1.349033312,103.7495665,Bukit Batok Central,Bukit Batok,West,operational,True,False,"944,945,947,990,189,187,106,173A,991A,941,189A,106A,852,77,991,173,177,61",18,27290.0,False,1.942452944,Jurong East,0.56504065,0.699186992,0.227642276,0.134146341,,POINT (1.349033312 103.7495665),23.0,7.0
107,4280,NS20,NS20,,,False,20.0,,,,,,,,,,,,,Novena,464148.5,453230.0,2.0,307642,29169.329789999996,33633.15354,1.320440791,103.84382559999999,Moulmein,Novena,Central,operational,False,False,"141,5,21,56,57,167,851,162M,162,131,143,54,166,131A,980",15,9300.0,False,4.126324132,Raffles Place,0.47967479700000004,0.47967479700000004,0.47967479700000004,0.0,,POINT (1.320440791 103.84382559999999),45.0,31.0
108,4320,NS21/DT11,NS21,DT11,,True,21.0,,,,,,,11.0,,,,,,Newton,698265.5,720389.75,2.0,228234,28519.283069999998,32735.077039999996,1.312318922,103.83798459999998,Newton Circus,Newton,Central,operational,False,True,"170A,143,5,167,NR1,124,162M,960e,518,162,48,960,54,518A,972M,67",16,250.0,False,3.4745555930000003,Raffles Place,0.520325203,0.19512195100000002,0.39024390200000003,-0.325203252,,POINT (1.312318922 103.83798459999998),48.0,36.0
109,4360,NS22,NS22,,,False,22.0,,,,,,,,,,,,,Orchard,654895.25,701426.25,2.0,237974,27783.69734,31709.532489999998,1.3030442629999999,103.831375,Paterson,River Valley,Central,operational,False,True,"NR6,972A,5N,124,54,162M,190A,7A,2N,1N,111,5,16,162,NR5,36,16M,972,174,167,190,6N,NR8,65,NR3,175,NR2,518,77,4N,174e,972M,14e,7,123,106,NR1,3N,36B,143,36A,518A,14",43,240.0,False,3.0678221089999997,Raffles Place,0.926829268,0.18292682899999999,0.349593496,-0.7439024390000001,,POINT (1.3030442629999999 103.831375),47.0,36.0
110,4400,NS23,NS23,,,False,23.0,,,,,,,,,,,,,Somerset,345142.0,366791.5,2.0,238162,28641.834660000004,31402.124519999998,1.3002641670000001,103.8390858,Somerset,Orchard,Central,operational,False,False,"NR6,5N,124,162M,7A,502,2N,1N,111,16,162,NR5,36,16M,972,502A,167,190,174,6N,NR8,65,NR3,175,7B,14A,NR2,77,4N,174e,972M,14e,7,123,106,NR1,3N,36B,143,36A,14",41,140.0,False,2.261219386,Raffles Place,0.910569106,0.17073170699999998,0.26829268300000003,-0.7398373979999999,,POINT (1.3002641670000001 103.8390858),58.0,44.0
111,4440,NS24/NE6/CC1,NS24,NE6,CC1,True,24.0,,1.0,,6.0,,,,,,,,,Dhoby Ghaut,398272.25,365639.0,2.0,238826,29423.98045,31229.31637,1.298701325,103.8461137,Dhoby Ghaut,Museum,Central,operational,False,True,"NR6,5N,972A,850E,124,162M,190A,7A,139,502,2N,1N,111,656,16,665,162,660,36,16M,972,502A,167,190,174,6N,652,65,64,175,7B,14A,518,951E,77,4N,174e,972M,14e,7,106,3N,36B,36A,518A,663,14",47,320.0,False,1.72634571,Raffles Place,0.9552845529999999,0.21138211399999998,0.21138211399999998,-0.7439024390000001,,POINT (1.298701325 103.8461137),63.0,50.0
112,4480,NS27/CE2,NS27,CE2,,True,27.0,,,,,,2.0,,,,,,,Marina Bay,37991.25,37948.25,1.0,18925,30367.954719999998,28764.49593,1.2764102990000001,103.8545955,Central Subzone,Downtown Core,Central,operational,False,True,"672,97,670,653,651,671,502,97e,982E,666,513,133,655,502A,661,654,667,668,657,106,400",21,880.0,False,0.9259394809999999,Raffles Place,0.650406504,0.264227642,0.073170732,-0.386178862,,POINT (1.2764102990000001 103.8545955),25.0,21.0
113,4520,NS28,NS28,,,False,28.0,,,,,,,,,,,,,Marina South Pier,21891.0,22013.0,2.0,18948,31241.82601,28169.251089999998,1.271027036,103.8624475,Straits View,Straits View,Central,operational,False,False,400,1,0.0,,,,,,,,,POINT (1.271027036 103.8624475),15.0,13.0
114,4560,NS3,NS3,,,False,3.0,,,,,,,,,,,,,Bukit Gombak,307691.25,297167.5,0.0,659083,18926.9127,37854.03588,1.3586115909999998,103.7517909,Guilin,Bukit Batok,West,operational,False,False,"945,NR8,3N,991C,991",5,12940.0,False,3.021632482,Jurong East,0.12195122,0.585365854,0.341463415,0.463414634,,POINT (1.3586115909999998 103.7517909),22.0,8.0
115,4600,NS4/BP1,NS4,BP1,,True,4.0,,,,,1.0,,,,,,,,Choa Chu Kang,555650.5,604776.5,0.0,689810,18101.2472,40812.12161,1.385363165,103.7443708,Choa Chu Kang Central,Choa Chu Kang,West,operational,True,False,"975A,974A,190A,927,991,188R,925,974,985,302,300,188,67,983,190,188e,NR3,307A,301,307,975B,172,975C,991B,3N,307T,983A,975,976",29,22530.0,False,5.810148511,Jurong East,0.800813008,0.658536585,0.682926829,-0.142276423,,POINT (1.385363165 103.7443708),15.0,11.0
116,4640,NS5,NS5,,,False,5.0,,,,,,,,,,,,,Yew Tee,467981.5,444611.0,0.0,689715,18438.983119999997,42158.0181,1.3975350690000001,103.7474052,Yew Tee,Choa Chu Kang,West,operational,False,False,"302A,NR3,307A,3N,302,307,979",7,40390.0,False,6.216935059,Woodlands,0.18699187,0.9024390240000001,0.764227642,0.715447154,,POINT (1.3975350690000001 103.7474052),16.0,9.0
117,4680,NS7,NS7,,,False,7.0,,,,,,,,,,,,,Kranji,91261.25,102714.5,1.0,738702,20078.58651,45204.51685,1.425086981,103.7621375,Turf Club,Sungei Kadut,North,operational,False,False,"170A,925A,178A,925,961,160,925M,178,960,961M",10,670.0,False,3.116726575,Woodlands,0.296747967,0.231707317,0.365853659,-0.06504065,,POINT (1.425086981 103.7621375),12.0,1.0
118,4720,NS8,NS8,,,False,8.0,,,,,,,,,,,,,Marsiling,333970.25,274719.0,0.0,739044,21407.04132,46026.51253,1.432521149,103.77407459999999,Woodlands West,Woodlands,North,operational,False,False,"913T,950,913M,926,963,961M,913,856,925,961,160,966A,912B,178,963R,187,963e,925M,912,960,925A,960e,966",23,33910.0,False,1.5905236930000002,Woodlands,0.719512195,0.804878049,0.19512195100000002,0.085365854,,POINT (1.432521149 103.77407459999999),13.0,6.0
119,4760,NS9/TE2,NS9,TE2,,True,9.0,,,,,,,,,2.0,,,,Woodlands,680750.0,789220.5,0.0,737736,22949.919130000002,46417.52233,1.436057617,103.78793879999999,Woodlands Regional Centre,Woodlands,North,operational,True,True,"858,161,169B,902,965A,913T,913M,950,926,963,961M,858A,903,856,913,962,925,961,966A,912B,178,665,904,903M,912M,969,963R,178A,187,912,963e,925M,964,901M,960,965,901,965T,900A,911,169A,925A,168,960e,169,900,966,912A,911T",49,10.0,True,0.0,Woodlands,0.971544715,0.032520325,0.020325203,-0.93902439,,POINT (1.436057617 103.78793879999999),17.0,8.0
120,4800,TE1,TE1,,,False,,,,,,,,,,1.0,,,,Woodlands North,61162.5,51863.75,1.0,737668,22699.99124,47770.39457,1.448292453,103.7856927,Greenwood Park,Woodlands,North,operational,False,False,856,1,40.0,False,1.383172735,Woodlands,0.016260163,0.10975609800000001,0.138211382,0.093495935,,POINT (1.448292453 103.7856927),18.0,8.0
121,5080,TE3,TE3,,,False,,,,,,,,,,3.0,,,,Woodlands South,84880.91667,75543.58333,0.0,737668,22699.99124,47770.39457,1.448292453,103.7856927,Greenwood Park,Woodlands,North,operational,False,False,856,1,40.0,False,1.383172735,Woodlands,0.016260163,0.10975609800000001,0.138211382,0.093495935,,POINT (1.448292453 103.7856927),18.0,8.0
122,5353,TE4,TE4,,,False,,,,,,,,,,4.0,,,,Springleaf,33545.5,31873.58333,2.0,737668,22699.99124,47770.39457,1.448292453,103.7856927,Greenwood Park,Woodlands,North,operational,False,False,856,1,40.0,False,1.383172735,Woodlands,0.016260163,0.10975609800000001,0.138211382,0.093495935,,POINT (1.448292453 103.7856927),18.0,8.0
123,5633,TE5,TE5,,,False,,,,,,,,,,5.0,,,,Lentor,23002.0,25352.0,0.0,737668,22699.99124,47770.39457,1.448292453,103.7856927,Greenwood Park,Woodlands,North,operational,False,False,856,1,40.0,False,1.383172735,Woodlands,0.016260163,0.10975609800000001,0.138211382,0.093495935,,POINT (1.448292453 103.7856927),18.0,8.0
124,5913,TE6,TE6,,,False,,,,,,,,,,6.0,,,,Mayflower,72446.08333,69023.66667,0.0,737668,22699.99124,47770.39457,1.448292453,103.7856927,Greenwood Park,Woodlands,North,operational,False,False,856,1,40.0,False,1.383172735,Woodlands,0.016260163,0.10975609800000001,0.138211382,0.093495935,,POINT (1.448292453 103.7856927),18.0,8.0
125,6193,TE7,TE7,,,False,,,,,,,,,,7.0,,,,Bright Hill,45470.0,45446.0,2.0,737668,22699.99124,47770.39457,1.448292453,103.7856927,Greenwood Park,Woodlands,North,operational,False,False,856,1,40.0,False,1.383172735,Woodlands,0.016260163,0.10975609800000001,0.138211382,0.093495935,,POINT (1.448292453 103.7856927),18.0,8.0
126,6466,TE8,TE8,,,False,,,,,,,,,,8.0,,,,Upper Thomson,61482.25,57785.25,2.0,737668,22699.99124,47770.39457,1.448292453,103.7856927,Greenwood Park,Woodlands,North,operational,False,False,856,1,40.0,False,1.383172735,Woodlands,0.016260163,0.10975609800000001,0.138211382,0.093495935,,POINT (1.448292453 103.7856927),18.0,8.0
127,4,,CC18,,,,,,18.0,,,,,,,,,,,Bukit Brown,,,,299176,27707.416569999998,35102.48027,1.333728883,103.8306895,Mount Pleasant,Novena,Central,future,False,False,,0,690.0,,,,,,,,CC18,POINT (1.333728883 103.8306895),21.0,6.0
128,16,,CC30,,,,,,30.0,,,,,,,,,,,Keppel,,,,99423,27634.168739999997,28030.479919999998,1.2697722009999999,103.83003149999999,City Terminals,Bukit Merah,Central,future,False,False,"NR6,145,30,57,97,NR1,100,80,10,131",10,20.0,,,,,,,,CC30,POINT (1.2697722009999999 103.83003149999999),26.0,10.0
129,17,,CC31,,,,,,31.0,,,,,,,,,,,Cantonment,,,,89395,28416.648460000004,28373.25579,1.2728721459999999,103.8370623,Everton Park,Bukit Merah,Central,future,False,False,"145,30,57,97,100,80,10,131,97e",9,7810.0,,,,,,,,CC31,POINT (1.2728721459999999 103.8370623),32.0,13.0
130,18,,CC32,,,,,,32.0,,,,,,,,,,,Prince Edward Road,,,,79122,29533.44444,28404.75026,1.273156936,103.84709709999998,Central Subzone,Downtown Core,Central,future,False,False,"130,186,672,670,653,850E,651,671,70,666,196A,513,133,196,656,970,655,665,162,660,167,652,75,661,654,951E,196e,667,107,668,657,106,400,663",34,880.0,,,,,,,,CC32,POINT (1.273156936 103.84709709999998),25.0,18.0
131,47,,DT36,,,,,,,,,,,36.0,,,,,,Xilin,,,,486800,42643.962380000004,34569.6853,1.328906949,103.9649026,Xilin,Tampines,East,future,False,False,"35M,35",2,1760.0,,,,,,,,DT36,POINT (1.328906949 103.9649026),9.0,2.0
132,73,,NE18,,,,,,,,18.0,,,,,,,,,Punggol Coast,,,,828604,36552.07067,44081.133460000005,1.4149273340000001,103.91016640000001,Northshore,Punggol,North-East,future,False,False,,0,460.0,,,,,,,,NE18,POINT (1.4149273340000001 103.91016640000001),15.0,5.0
133,94,,TE10,,,,,,,,,,,,,10.0,,,,Mount Pleasant,,,,299781,28208.112189999996,34531.43523,1.328564555,103.8351886,Mount Pleasant,Novena,Central,future,False,False,,0,690.0,,,,,,,,TE10,POINT (1.328564555 103.8351886),28.0,9.0
134,95,,TE12,,,,,,,,,,,,,12.0,,,,Napier,,,,258511,26402.80266,32122.95592,1.306783078,103.818967,Nassim,Tanglin,Central,future,False,False,"7,123,105,174,106,NR8,75,7B,77,174e",10,9520.0,,,,,,,,TE12,POINT (1.306783078 103.818967),38.0,23.0
135,96,,TE13,,,,,,,,,,,,,13.0,,,,Orchard Boulevard,,,,248654,26948.29454,31640.75525,1.302422248,103.8238685,One Tree Hill,River Valley,Central,future,False,False,"111,7,105,174,123,106,NR8,75,77,132,174e",11,2070.0,,,,,,,,TE13,POINT (1.302422248 103.8238685),42.0,24.0
136,98,,TE15,,,,,,,,,,,,,15.0,,,,Great World,,,,238384,28044.76787,30703.73245,1.293948162,103.8337208,Institution Hill,River Valley,Central,future,False,False,"5,195,75,175,970,195A,NR5,16,16M",9,3150.0,,,,,,,,TE15,POINT (1.293948162 103.8337208),48.0,40.0
137,99,,TE16,,,,,,,,,,,,,16.0,,,,Havelock,,,,168604,28029.743660000004,30101.88222,1.28850524,103.8335858,Bukit Ho Swee,Bukit Merah,Central,future,False,False,"5,186,123,6N,195,5N,51,75,64,121,175,970,3N,16,4N,2N,16M,1N",18,14390.0,,,,,,,,TE16,POINT (1.28850524 103.8335858),46.0,36.0
138,100,,TE18,,,,,,,,,,,,,18.0,,,,Maxwell,,,,58841,29175.808839999998,29220.38855,1.280533298,103.8438837,Chinatown,Outram,Central,future,False,False,"145,197,80,166,61",5,10490.0,,,,,,,,TE18,POINT (1.280533298 103.8438837),37.0,35.0
139,101,,TE19,,,,,,,,,,,,,19.0,,,,Shenton Way,,,,18928,29897.41915,28908.96172,1.277716828,103.8503676,Central Subzone,Downtown Core,Central,future,False,False,"130,186,672,97,670,653,850E,651,671,70,502,131,97e,982E,666,196A,513,133,196,656,970,655,665,162,660,167,652,75,100,661,10e,10,654,951E,667,196e,131A,107,57,668,657,106,400,663",44,880.0,,,,,,,,TE19,POINT (1.277716828 103.8503676),28.0,24.0
140,102,,TE21,,,,,,,,,,,,,21.0,,,,Marina South,,,,19397,31367.226260000003,28559.32995,1.2745547590000001,103.8635743,Straits View,Straits View,Central,future,False,False,,0,,,,,,,,,TE21,POINT (1.2745547590000001 103.8635743),17.0,18.0
141,103,,TE22,,,,,,,,,,,,,22.0,,,,Gardens By The Bay,,,,19396,31799.072180000003,28994.17088,1.278487259,103.8674547,Marina South,Marina South,Central,future,False,False,400,1,,,,,,,,,TE22,POINT (1.278487259 103.8674547),13.0,16.0
142,104,,TE23,,,,,,,,,,,,,23.0,,,,Tanjong Rhu,,,,436488,32466.634530000003,31070.53549,1.297265079,103.8734533,Tanjong Rhu,Kallang,Central,future,False,False,"11,158,158A",3,11110.0,,,,,,,,TE23,POINT (1.297265079 103.8734533),36.0,20.0
143,105,,TE24,,,,,,,,,,,,,24.0,,,,Katong Park,,,,437870,33882.89095,31133.190939999997,1.297831478,103.8861789,Mountbatten,Marine Parade,Central,future,False,False,"30,158,158A,401,30e",5,9980.0,,,,,,,,TE24,POINT (1.297831478 103.8861789),35.0,9.0
144,106,,TE25,,,,,,,,,,,,,25.0,,,,Tanjong Katong,,,,439846,35128.211989999996,31297.730819999997,1.299319257,103.8973687,Mountbatten,Marine Parade,Central,future,False,False,"48,36A,36B,36",4,9980.0,,,,,,,,TE25,POINT (1.299319257 103.8973687),32.0,8.0
145,107,,TE26,,,,,,,,,,,,,26.0,,,,Marine Parade,,,,449971,35975.61075,31661.807989999998,1.302611635,103.9049831,Marine Parade,Marine Parade,Central,future,False,False,"135,196A,401,196,43,15,966A,134,31,48,853M,36,47,43e,196e,36B,36A,197,966",19,26880.0,,,,,,,,TE26,POINT (1.302611635 103.9049831),29.0,7.0
146,108,,TE27,,,,,,,,,,,,,27.0,,,,Marine Terrace,,,,449970,37102.263439999995,32110.05443,1.306665103,103.91510670000001,Marine Parade,Marine Parade,Central,future,False,False,"150,196A,196,43,16,134,31,48,853M,36,16M,47,13,196e,4N,55,36B,36A,197",19,26880.0,,,,,,,,TE27,POINT (1.306665103 103.91510670000001),29.0,7.0
147,109,,TE28,,,,,,,,,,,,,28.0,,,,Siglap,,,,449969,38762.61178,32479.8152,1.310008551,103.9300258,Frankel,Bedok,East,future,False,False,"196,155,43,197,47,36,36B,196A,31,196e,48,853M,36A,4N,55,401",16,34490.0,,,,,,,,TE28,POINT (1.310008551 103.9300258),25.0,3.0
148,110,,TE29,,,,,,,,,,,,,29.0,,,,Bayshore,,,,469958,40129.48783,32824.19446,1.313122483,103.942308,Bayshore,Bedok,East,future,False,False,,0,7450.0,,,,,,,,TE29,POINT (1.313122483 103.942308),20.0,3.0
149,112,,TE30,,,,,,,,,,,,,30.0,,,,Bedok South,,,,468324,40908.86292,33218.0453,1.316684007,103.94931120000001,Bayshore,Bedok,East,future,False,False,"43,229,25,46,13,10e,14A,10,137,853M,55,14",12,7450.0,,,,,,,,TE30,POINT (1.316684007 103.94931120000001),16.0,4.0
150,113,,TE31 / DT37,DT37,,,,,,,,,,37.0,,31.0,,,,Sungei Bedok,,,,469731,41784.9899,33629.14833,1.320401487,103.9571838,Bayshore,Bedok,East,future,False,True,"10e,14A,10,45,14",5,7450.0,,,,,,,,TE31,POINT (1.320401487 103.9571838),12.0,2.0
