postal,x,y,lat,long,name,subzone,area,region,code,status,bus_interchange,mrt_interchange,code1,code2,code3,CC,NE,NS,DT,EW,CG,BP,TE,CE,svc,bus count,pop
534803,34128.79235,35258.74882,1.335141501,103.8883893,Tai Seng,Tai Seng,Hougang,North-East,CC11,operational,FALSE,FALSE,CC11,,,11,,,,,,,,,"24,70,151,80A,76,58A,43,158,62A,90A,62,90,22,93,58B,80,28,70A,70M,58",20,13830
539788,33214.93397,36072.52553,1.342501178,103.8801779,Bartley,Bidadari,Toa Payoh,Central,CC12,operational,FALSE,FALSE,CC12,,,12,,,,,,,,,"93,158,129,28",4,
554533,31431.40547,37079.94437,1.351612171,103.8641519,Lorong Chuan,Lorong Chuan,Serangoon,North-East,CC14,operational,FALSE,FALSE,CC14,,,14,,,,,,,,,"105,58",2,8490
573993,28679.36877,36758.71365,1.348707263,103.8394231,Marymount,Upper Thomson,Bishan,Central,CC16,operational,FALSE,FALSE,CC16,,,16,,,,,,,,,"163,130,167,851,54,165,410G,162M,74,52,162,855,852,132,166,410,410W,980",18,29390
299176,27707.41657,35102.48027,1.333728883,103.8306895,Bukit Brown,Mount Pleasant,Novena,Central,CC18,future,FALSE,FALSE,CC18,,,18,,,,,,,,,,0,690
257494,25959.6005,33818.14422,1.322113736,103.8149845,Botanic Gardens,Tyersall,Tanglin,Central,CC19/DT9,operational,FALSE,TRUE,CC19,DT9,,19,,,9,,,,,,"170A,186,153,154,151,48,67,156",8,3880
189561,29930.76738,31025.9016,1.296861686,103.8506674,Bras Basah,Bras Basah,Museum,Central,CC2,operational,FALSE,FALSE,CC2,,,2,,,,,,,,,"130,147,850E,124,147A,162M,7A,12,131,502,2A,133,32,111,656,851,16,665,162,660,33,166,36,16M,857,851e,502A,167,190,174,652,51,175,14A,518,80,63,951E,77,960,174e,131A,61,14e,7,145,857B,12e,106,36B,960e,2,36A,197,518A,663,14",57,10
268857,25113.2012,33301.26022,1.317439152,103.8073792,Farrer Road,Farrer Court,Bukit Timah,Central,CC20,operational,FALSE,FALSE,CC20,,,20,,,,,,,,,"93,186,174,961,153,5N,165,855,48,961M",10,6180
278995,23891.21523,32726.41283,1.312240296,103.7963991,Holland Village,Leedon Park,Bukit Timah,Central,CC21,operational,FALSE,FALSE,CC21,,,21,,,,,,,,,"7,5N,106,75,NR8,165,970,7B,95,48,77,61",12,6440
138647,22896.07281,31346.4081,1.299759875,103.7874575,One-North,One North,Queenstown,Central,CC23,operational,FALSE,FALSE,CC23,,,23,,,,,,,,,"191,91",2,720
118177,22575.01071,30657.93329,1.293533499,103.7845727,Kent Ridge,National University Of S'Pore,Queenstown,Central,CC24,operational,FALSE,FALSE,CC24,,,24,,,,,,,,,"166,92,92B,33A,97,200A,963e,200,92A,95,95B,963,33,197,14",15,240
117396,22261.1431,29445.80204,1.282571358,103.7817527,Haw Par Villa,Pasir Panjang 1,Queenstown,Central,CC25,operational,FALSE,FALSE,CC25,,,25,,,,,,,,,"30,200A,51,176,175,200,10,143,188,30e",10,4510
117424,23329.26471,28742.76576,1.276213522,103.7913503,Pasir Panjang,Port,Queenstown,Central,CC26,operational,FALSE,FALSE,CC26,,,26,,,,,,,,,"30,51,176,188e,175,10,143,188,30e",9,120
109029,24584.77505,28304.9441,1.272254177,103.8026316,Labrador Park,Maritime Square,Bukit Merah,Central,CC27,operational,FALSE,FALSE,CC27,,,27,,,,,,,,,"166,93,30,57,97,963,51,176,100,175,10,120,143,188,30e,61",16,3620
109028,25378.2908,28133.79905,1.270706477,103.8097616,Telok Blangah,Maritime Square,Bukit Merah,Central,CC28,operational,FALSE,FALSE,CC28,,,28,,,,,,,,,"143,93,166,30,57,61,97,963,176,100,124,10,120,97e,188R,188,963R",17,3620
189562,30421.99348,30671.62777,1.293657725,103.8550812,Esplanade,City Hall,Downtown Core,Central,CC3,operational,FALSE,FALSE,CC3,,,3,,,,,,,,,"130,850E,162M,107M,70,502,131,961M,196A,133,196,111,56,656,961,665,162,660,36,16M,857,502A,167,652,100,10e,518,10,196e,951E,77,960,14e,131A,107,57,857B,106,36B,960e,16,518A,663,14",44,80
99423,27634.16874,28030.47992,1.269772201,103.8300315,Keppel,City Terminals,Bukit Merah,Central,CC30,future,FALSE,FALSE,CC30,,,30,,,,,,,,,"NR6,145,30,57,97,NR1,100,80,10,131",10,20
89395,28416.64846,28373.25579,1.272872146,103.8370623,Cantonment,Everton Park,Bukit Merah,Central,CC31,future,FALSE,FALSE,CC31,,,31,,,,,,,,,"145,30,57,97,100,80,10,131,97e",9,7810
79122,29533.44444,28404.75026,1.273156936,103.8470971,Prince Edward Road,Central Subzone,Downtown Core,Central,CC32,future,FALSE,FALSE,CC32,,,32,,,,,,,,,"130,186,672,670,653,850E,651,671,70,666,196A,513,133,196,656,970,655,665,162,660,167,652,75,661,654,951E,196e,667,107,668,657,106,400,663",34,880
38970,31374.16493,31347.15287,1.299766847,103.863637,Nicoll Highway,Nicoll,Downtown Core,Central,CC5,operational,FALSE,FALSE,CC5,,,5,,,,,,,,,"196,70A,70M,70,14A,10,16,196A,16M,14",10,290
397692,32676.34771,31683.94076,1.302812468,103.8753377,Stadium,Tanjong Rhu,Kallang,Central,CC6,operational,FALSE,FALSE,CC6,,,6,,,,,,,,,11,1,11110
398006,33476.56343,32058.74185,1.306201905,103.8825281,Mountbatten,Aljunied,Geylang,Central,CC7,operational,FALSE,FALSE,CC7,,,7,,,,,,,,,"196,30,11,158,14A,158A,12,196A,401,14",10,39990
397973,34204.0253,32318.17446,1.308547984,103.8890647,Dakota,Aljunied,Geylang,Central,CC8,operational,FALSE,FALSE,CC8,,,8,,,,,,,,,"32,30,33,33B,10,31,16,401,16M,30e",10,39990
409049,34559.69169,33280.11819,1.317247385,103.8922608,Paya Lebar,Geylang East,Geylang,Central,CC9/EW8,operational,FALSE,TRUE,CC9,EW8,,9,,,,8,,,,,"26,155,24,135,154,70,137,2A,76,43,134,853M,67,30,51,13,43e,28,21,70A,70M,40,2,197",24,29920
257877,27188.22996,33591.66086,1.320065558,103.8260244,Stevens,Nassim,Tanglin,Central,DT10/TE11,operational,FALSE,TRUE,DT10,TE11,,,,,10,,,,11,,"170A,105,190,972A,NR3,960e,NR2,190A,48,960,132,972M,67,972",14,9520
188505,30164.70185,31798.87668,1.303852185,103.8527694,Rochor,Bencoolen,Rochor,Central,DT13,operational,FALSE,FALSE,DT13,,,,,,13,,,,,,"170A,131A,56,851e,166,57,851,23,960e,131,48,960,4N,2N,67,980",16,1310
18957,30867.00927,29368.62503,1.281873789,103.8590798,Bayfront,Bayfront Subzone,Downtown Core,Central,DT16 / CE1,operational,FALSE,TRUE,DT16,CE1,,,,,16,,,,,1,"NR6,502A,97,106,NR1,518,502,97e,518A,133",10,
18969,30172.66881,29100.20877,1.279446382,103.8528408,Downtown,Central Subzone,Downtown Core,Central,DT17,operational,FALSE,FALSE,DT17,,,,,,17,,,,,,"130,186,672,97,670,653,850E,651,671,70,131,97e,502,982E,196A,513,666,133,196,656,970,665,655,162,660,502A,167,652,75,100,661,10e,10,196e,951E,667,654,131A,107,57,668,657,106,400,663",45,880
48416,29706.12592,29390.19539,1.282068948,103.8486488,Telok Ayer,Chinatown,Outram,Central,DT18,operational,FALSE,FALSE,DT18,,,,,,18,,,,,,"130,186,850E,70,131,196,656,970,665,868E,162,660,167,652,75,100,10e,10,196e,951E,107,57,663",23,10490
58362,29316.049,29628.47894,1.284223919,103.8451438,Chinatown,China Square,Outram,Central,DT19/NE4,operational,FALSE,TRUE,DT19,NE4,,,4,,19,,,,,,"186,147,124,147A,12,961M,2A,2,961,851,970,63A,33,CT8,166,851e,190,174,51,80,CT18,63,174e,61,145,12e,143,54,197",29,1430
679696,20334.55891,39092.85854,1.369815449,103.7644392,Cashew,Jelebu,Bukit Panjang,West,DT2,operational,FALSE,FALSE,DT2,,,,,,2,,,,,,"170A,961,184,176,75,178,970,177,963,961M,67",11,31310
179038,29225.62761,30541.60877,1.292481948,103.8443314,Fort Canning,Clarke Quay,Singapore River,Central,DT20,operational,FALSE,FALSE,DT20,,,,,,20,,,,,,"NR6,5N,195,139,2N,1N,32,195A,NR5,6N,NR8,64,NR3,NR2,4N,123,NR1,3N,143,54",20,130
189658,29895.86395,31253.32587,1.298918434,103.8503538,Bencoolen,Bencoolen,Rochor,Central,DT21,operational,FALSE,FALSE,DT21,,,,,,21,,,,,,"NR6,147,5N,850E,124,147A,162M,139,131,502,2N,1N,111,56,656,665,162,660,166,36,16M,857,502A,167,190,6N,174,652,65,64,175,518,951E,77,4N,174e,131A,14e,7,857B,106,3N,36B,16,518A,663,14",47,1310
208826,30445.85298,31944.74962,1.305171388,103.8552957,Jalan Besar,Sungei Road,Rochor,Central,DT22,operational,FALSE,FALSE,DT22,,,,,,22,,,,,,"170A,130,147,147A,139,2N,851,48,67,857,851e,64,65,23,960,4N,57,857B,960e",19,2050
339356,31300.76761,32884.77092,1.313672528,103.8629776,Bendemeer,Kallang Bahru,Kallang,Central,DT23,operational,FALSE,FALSE,DT23,,,,,,23,,,,,,"961,175,107M,961M,107,61",6,20
339355,32262.86126,33728.31269,1.321301102,103.8716226,Geylang Bahru,Geylang Bahru,Kallang,Central,DT24,operational,FALSE,FALSE,DT24,,,,,,24,,,,,,"26,853,175,107M,853M,140,107,61",8,11280
379314,33556.58344,34344.85853,1.326876715,103.8832475,Mattar,Macpherson,Geylang,Central,DT25,operational,FALSE,FALSE,DT25,,,,,,25,,,,,,"155,135,154,158,65,40,63,63A,63M,61",10,28360
378956,34230.01048,34264.54353,1.326150245,103.8892986,Macpherson,Macpherson,Geylang,Central,DT26/CC10,operational,FALSE,TRUE,DT26,CC10,,10,,,26,,,,,,"24,155,135,154,70,80A,137,76,43,158,63A,65,43e,80,28,63,61,70A,70M,40,63M",21,28360
408899,35334.89183,34687.41099,1.32997426,103.8992267,Ubi,Kampong Ubi,Geylang,Central,DT27,operational,FALSE,FALSE,DT27,,,,,,27,,,,,,"61,63,137,65,8,63A,63M,22",8,11800
415804,36362.37828,35239.55226,1.33496736,103.9084593,Kaki Bukit,Kaki Bukit,Bedok,East,DT28,operational,FALSE,FALSE,DT28,,,,,,28,,,,,,"15A,5,59,58A,87,15,58B,58",8,37150
479481,37421.74382,35214.68039,1.334742117,103.9179783,Bedok North,Kaki Bukit,Bedok,East,DT29,operational,FALSE,FALSE,DT29,,,,,,29,,,,,,"87,23,518,137,137A,60,60T",7,37150
678211,20666.06755,38266.78985,1.362344868,103.7674183,Hillview,Nature Reserve,Bukit Panjang,West,DT3,operational,FALSE,FALSE,DT3,,,,,,3,,,,,,"170A,973,961,653,184,176,75,178,970,963,961M,67",12,3850
469724,39008.31316,35421.04087,1.33660783,103.9322346,Bedok Reservoir,Bedok Reservoir,Bedok,East,DT30,operational,FALSE,FALSE,DT30,,,,,,30,,,,,,"5,21,59,168,46,65,69,CT18,28,18,228,2N,67",13,25470
529683,39698.52759,36406.01433,1.345515306,103.938437,Tampines West,Tampines West,Tampines,East,DT31,operational,FALSE,FALSE,DT31,,,,,,31,,,,,,"46,513,2N,18,5,15,129,8,67,15A,59,118B,65,23,518,69,28,21,118,168,118A",21,79670
529623,41501.07485,37586.61776,1.356191483,103.9546345,Tampines East,Tampines East,Tampines,East,DT33,operational,FALSE,FALSE,DT33,,,,,,33,,,,,,"9A,19,34B,12,293T,34,18,37,17,29A,8,3,4,59,38,518,81,29,21,12e,293,39,9",23,130980
485990,42262.18797,35988.65688,1.341739774,103.9614728,Upper Changi,Simei,Tampines,East,DT34,operational,FALSE,FALSE,DT34,,,,,,34,,,,,,"24,2,5,4N",4,39450
485985,42362.60346,35285.70839,1.335382526,103.9623747,Expo,Xilin,Tampines,East,DT35/CG1,operational,FALSE,TRUE,DT35,CG1,,,,,35,,1,,,,"20,118,47",3,1760
486800,42643.96238,34569.6853,1.328906949,103.9649026,Xilin,Xilin,Tampines,East,DT36,future,FALSE,FALSE,DT36,,,,,,36,,,,,,"35M,35",2,1760
599987,22444.48957,35316.24791,1.335661613,103.7833991,King Albert Park,Holland Road,Bukit Timah,Central,DT6,operational,FALSE,FALSE,DT6,,,,,,6,,,,,,"170A,174,961,154,157,74,970,151,852,77,961M,67",12,10840
269784,23947.74937,34785.0233,1.330857645,103.7969068,Sixth Avenue,Coronation Road,Bukit Timah,Central,DT7,operational,FALSE,FALSE,DT7,,,,,,7,,,,,,"170A,174,961,154,157,74,970,151,852,77,961M,67,156",13,6690
266268,25155.62211,34198.80531,1.325556235,103.8077603,Tan Kah Kee,Coronation Road,Bukit Timah,Central,DT8,operational,FALSE,FALSE,DT8,,,,,,8,,,,,,"170A,174,961,154,157,74,151,852,961M,67,156",11,6690
208699,31277.40623,32188.73379,1.307377817,103.8627676,Lavender,Lavender,Kallang,Central,EW11,operational,FALSE,FALSE,EW11,,,,,,,11,,,,,"107M,7A,12,961M,2A,980,32,133,961,63A,33,51,100,175,80,63,107,61,7,145,2,197",22,9690
188022,30491.60007,31424.35127,1.300465085,103.8557067,Bugis,Victoria,Rochor,Central,EW12/DT14,operational,FALSE,TRUE,EW12,DT14,,,,,14,12,,,,,"170A,130,7A,12,2A,2N,980,133,32,851,63A,48,33,851e,51,175,80,63,960,4N,61,7,145,57,12e,960e,2,197",28,1760
179100,30144.25038,30591.90081,1.292936722,103.8525856,City Hall,City Hall,Downtown Core,Central,EW13 / NS25,operational,FALSE,TRUE,EW13,NS25,,,,25,,13,,,,,"130,NR6,5N,195,850E,124,162M,7A,502,131,961M,2N,133,1N,111,32,656,961,851,665,162,660,NR5,195A,63A,166,36,16M,857,851e,502A,167,174,6N,652,51,NR8,175,14A,518,NR2,80,951E,63,77,960,36A,4N,174e,131A,14e,61,7,145,857B,106,NR1,3N,36B,960e,16,197,518A,663,14",65,80
48618,30019.18053,29617.61258,1.28412561,103.8514617,Raffles Place,Raffles Place,Downtown Core,Central,EW14 / NS26,operational,FALSE,TRUE,EW14,NS26,,,,26,,14,,,,,"130,850E,70,131,196A,196,656,665,162,660,868E,167,652,75,100,10e,10,196e,951E,107,131A,57,663",23,40
69119,29380.75674,28781.18833,1.276561317,103.8457252,Tanjong Pagar,Tanjong Pagar,Downtown Core,Central,EW15,operational,FALSE,FALSE,EW15,,,,,,,15,,,,,"186,672,670,653,651,671,131,666,656,970,655,665,660,167,652,661,654,667,57,668,657,400,663",23,670
158792,26155.0535,30226.75978,1.289634534,103.816741,Redhill,Redhill,Bukit Merah,Central,EW18,operational,FALSE,FALSE,EW18,,,,,,,18,,,,,"32,145,33A,186,63,122,51,33,145A,64,970,139,120,NR5,63A,132",16,10620
149729,24968.26735,30770.39111,1.294550852,103.8060772,Queenstown,Mei Chin,Queenstown,Central,EW19,operational,FALSE,FALSE,EW19,,,,,,,19,,,,,"111,186,145,195,51,64,970,195A,NR5",9,15570
529538,40444.9732,37267.02627,1.353301676,103.9451446,Tampines,Tampines East,Tampines,East,EW2/DT32,operational,TRUE,TRUE,EW2,DT32,,,,,32,2,,,,,"72,19,46,31A,293T,2N,68A,15,37,969A,129,29A,31,8,3,68,4,969,67,291T,15A,27,65,298,23,38,10,69,81,28,29,20,68B,127,21,127A,293,168,291,3A,27A,292",42,130980
149735,24094.79514,31649.59892,1.302501999,103.7982285,Commonwealth,Commonwealth,Queenstown,Central,EW20,operational,FALSE,FALSE,EW20,,,,,,,20,,,,,"32,196,111,145,105,198,147,122,195,100,970,195A,NR5,61",14,7000
138677,21914.55093,32634.11863,1.311405293,103.7786378,Dover,Singapore Polytechnic,Queenstown,Central,EW22,operational,FALSE,FALSE,EW22,,,,,,,22,,,,,"105,147,106,NR8,74,NR5,166,185,14",9,100
609959,16790.74663,36056.30189,1.342352821,103.7325967,Chinese Garden,Lakeside (Leisure),Jurong East,West,EW25,operational,FALSE,FALSE,EW25,,,,,,,25,,,,,"180,335,180A",3,1070
649845,15494.49695,36267.14703,1.344259115,103.7209491,Lakeside,Taman Jurong,Jurong West,West,EW26,operational,FALSE,FALSE,EW26,,,,,,,26,,,,,"180,154B,98M,98A,246,187,154,98B,49,180A,98,240,240M,240A,154A,335",16,39920
648310,12864.96983,35529.51155,1.337587011,103.6973216,Pioneer,Jurong West Central,Jurong West,West,EW28,operational,FALSE,FALSE,EW28,,,,,,,28,,,,,"193,502A,974A,5N,192,974,651,241,179,241A,502,258,185",13,63760
529888,41361.22817,36149.75278,1.343197079,103.9533772,Simei,Simei,Tampines,East,EW3,operational,FALSE,FALSE,EW3,,,,,,,3,,,,,"20,9A,5,38,4N,9",6,39450
637288,8770.351501,33526.57337,1.319470901,103.6605305,Gul Circle,Gul Circle,Pioneer,West,EW30,operational,FALSE,FALSE,EW30,,,,,,,30,,,,,"192,193",2,20
639608,7495.837867,33698.72631,1.321026956,103.6490782,Tuas Crescent,Tuas North,Tuas,West,EW31,operational,FALSE,FALSE,EW31,,,,,,,31,,,,,"254,247",2,30
639609,6442.928612,34689.35177,1.329985047,103.6396166,Tuas West Road,Tuas Bay,Tuas,West,EW32,operational,FALSE,FALSE,EW32,,,,,,,32,,,,,"248M,254,193,192,248",5,10
467356,40579.09978,34379.43168,1.327187291,103.9463486,Tanah Merah,Bedok South,Bedok,East,EW4,operational,FALSE,FALSE,EW4,,,,,,,4,,,,,"9A,24,35M,47,12e,9,45,35,14A,38,12,31,31A,48,2,2A,14",17,46690
416551,36861.96149,33699.34405,1.321038134,103.9129479,Kembangan,Kembangan,Bedok,East,EW6,operational,FALSE,FALSE,EW6,,,,,,,6,,,,,"26,24,32,854,30,7,135,28,42,25,2,33,2A,67",14,37460
388310,33518.60487,33190.00202,1.316432612,103.882906,Aljunied,Aljunied,Geylang,Central,EW9,operational,FALSE,FALSE,EW9,,,,,,,9,,,,,"26,80A,137,2A,100A,158,62A,62,63A,853M,67,125,51,100,13,80,158A,63,21,125A,40,2",22,39990
347694,31977.16676,34842.7251,1.33137949,103.8690557,Potong Pasir,Potong Pasir,Toa Payoh,Central,NE10,operational,FALSE,FALSE,NE10,,,,10,,,,,,,,"NR6,853,147,506,13,147A,107M,142A,142,853M,107,133",12,11720
534799,33758.7578,38027.27944,1.360179171,103.8850649,Kovan,Kovan,Hougang,North-East,NE13,operational,FALSE,FALSE,NE13,,,,13,,,,,,,,"119,153,112,101,112A,82,107M,81,80,80A,115,113A,113,107,136",15,24810
828604,36552.07067,44081.13346,1.414927334,103.9101664,Punggol Coast,Northshore,Punggol,North-East,NE18,future,FALSE,FALSE,NE18,,,,18,,,,,,,,,0,460
59815,29473.12494,30088.70379,1.288386024,103.8465552,Clarke Quay,Clarke Quay,Singapore River,Central,NE5,operational,FALSE,FALSE,NE5,,,,5,,,,,,,,"NR6,5N,195,147,124,147A,12,961M,2N,2A,1N,32,851,961,195A,NR5,63A,33,166,851e,190,174,6N,51,NR8,NR3,NR2,80,63,4N,174e,61,145,12e,NR1,3N,2,54,197",39,130
229900,29817.20857,32124.85018,1.306800197,103.8496471,Little India,Farrer Park,Rochor,Central,NE7/DT12,operational,FALSE,TRUE,NE7,DT12,,,7,,12,,,,,,"170A,NR6,147,5N,139,131,980,1N,56,851,48,166,67,857,851e,6N,64,65,23,960,131A,57,3N,960e",24,2660
218703,30243.52065,32689.37956,1.311905573,103.8534777,Farrer Park,Farrer Park,Rochor,Central,NE8,operational,FALSE,FALSE,NE8,,,,8,,,,,,,,"141,131",2,2660
328260,31144.04501,33510.97461,1.319335709,103.8615695,Boon Keng,Bendemeer,Kallang,Central,NE9,operational,FALSE,FALSE,NE9,,,,9,,,,,,,,"125,130,NR6,21,857,147,64,65,13,23,985,139,31,140,133",15,37570
738344,24402.38663,46918.5068,1.440588562,103.8009905,Admiralty,Woodlands East,Woodlands,North,NS10,operational,FALSE,FALSE,NS10,,,,,10,,,,,,,"965A,913,962,912,965,962C,964,904,901M,NR2,965T,912A,969",13,98980
756972,27597.59694,47193.60088,1.443076641,103.8297026,Canberra,Sembawang Springs,Sembawang,North,NS12,operational,FALSE,FALSE,NS12,,,,,12,,,,,,,"169A,117,883B,169,883,883M,117M",7,9090
769092,27962.31086,44352.56799,1.41738337,103.8329799,Khatib,Khatib,Yishun,North,NS14,operational,FALSE,FALSE,NS14,,,,,14,,,,,,,"858,854,670,117,850E,811,807,85A,852,860T,1N,811T,812,85,851,969A,857A,807A,812T,860,853M,117M,969,853,851e,857,854e,807B,117A,855,965,965T,857B,NR1,39",35,10250
569813,29294.12623,40413.06264,1.381755871,103.8449473,Yio Chu Kang,Yio Chu Kang,Ang Mo Kio,North-East,NS15,operational,TRUE,FALSE,NS15,,,,,15,,,,,,,"72,162M,70,852,860T,76,71,851,162,860,45,853M,851e,853,13,72B,668,70A,70M,NR1,86,825,72A",23,20
319756,29500.23495,35847.77198,1.340469001,103.8467991,Braddell,Toa Payoh West,Toa Payoh,Central,NS18,operational,FALSE,FALSE,NS18,,,,,18,,,,,,,"231,59,235,129,232",5,14360
307642,29169.32979,33633.15354,1.320440791,103.8438256,Novena,Moulmein,Novena,Central,NS20,operational,FALSE,FALSE,NS20,,,,,20,,,,,,,"141,5,21,56,57,167,851,162M,162,131,143,54,166,131A,980",15,9300
228234,28519.28307,32735.07704,1.312318922,103.8379846,Newton,Newton Circus,Newton,Central,NS21/DT11,operational,FALSE,TRUE,NS21,DT11,,,,21,11,,,,,,"170A,143,5,167,NR1,124,162M,960e,518,162,48,960,54,518A,972M,67",16,250
238162,28641.83466,31402.12452,1.300264167,103.8390858,Somerset,Somerset,Orchard,Central,NS23,operational,FALSE,FALSE,NS23,,,,,23,,,,,,,"NR6,5N,124,162M,7A,502,2N,1N,111,16,162,NR5,36,16M,972,502A,167,190,174,6N,NR8,65,NR3,175,7B,14A,NR2,77,4N,174e,972M,14e,7,123,106,NR1,3N,36B,143,36A,14",41,140
238826,29423.98045,31229.31637,1.298701325,103.8461137,Dhoby Ghaut,Dhoby Ghaut,Museum,Central,NS24/CC1/NE6,operational,FALSE,TRUE,NS24,CC1,NE6,1,6,24,,,,,,,"NR6,5N,972A,850E,124,162M,190A,7A,139,502,2N,1N,111,656,16,665,162,660,36,16M,972,502A,167,190,174,6N,652,65,64,175,7B,14A,518,951E,77,4N,174e,972M,14e,7,106,3N,36B,36A,518A,663,14",47,320
18925,30367.95472,28764.49593,1.276410299,103.8545955,Marina Bay,Central Subzone,Downtown Core,Central,NS27/CE2/TE20,operational,FALSE,TRUE,NS27,CE2,TE20,,,27,,,,,20,2,"672,97,670,653,651,671,502,97e,982E,666,513,133,655,502A,661,654,667,668,657,106,400",21,880
18948,31241.82601,28169.25109,1.271027036,103.8624475,Marina South Pier,Straits View,Straits View,Central,NS28,operational,FALSE,FALSE,NS28,,,,,28,,,,,,,400,1,
659083,18926.9127,37854.03588,1.358611591,103.7517909,Bukit Gombak,Guilin,Bukit Batok,West,NS3,operational,FALSE,FALSE,NS3,,,,,3,,,,,,,"945,NR8,3N,991C,991",5,12940
689715,18438.98312,42158.0181,1.397535069,103.7474052,Yew Tee,Yew Tee,Choa Chu Kang,West,NS5,operational,FALSE,FALSE,NS5,,,,,5,,,,,,,"302A,NR3,307A,3N,302,307,979",7,40390
738702,20078.58651,45204.51685,1.425086981,103.7621375,Kranji,Turf Club,Sungei Kadut,North,NS7,operational,FALSE,FALSE,NS7,,,,,7,,,,,,,"170A,925A,178A,925,961,160,925M,178,960,961M",10,670
739044,21407.04132,46026.51253,1.432521149,103.7740746,Marsiling,Woodlands West,Woodlands,North,NS8,operational,FALSE,FALSE,NS8,,,,,8,,,,,,,"913T,950,913M,926,963,961M,913,856,925,961,160,966A,912B,178,963R,187,963e,925M,912,960,925A,960e,966",23,33910
737668,22699.99124,47770.39457,1.448292453,103.7856927,Woodlands North,Greenwood Park,Woodlands,North,TE1,operational,FALSE,FALSE,TE1,,,,,,,,,,1,,856,1,40
299781,28208.11219,34531.43523,1.328564555,103.8351886,Mount Pleasant,Mount Pleasant,Novena,Central,TE10,future,FALSE,FALSE,TE10,,,,,,,,,,10,,,0,690
258511,26402.80266,32122.95592,1.306783078,103.818967,Napier,Nassim,Tanglin,Central,TE12,future,FALSE,FALSE,TE12,,,,,,,,,,12,,"7,123,105,174,106,NR8,75,7B,77,174e",10,9520
248654,26948.29454,31640.75525,1.302422248,103.8238685,Orchard Boulevard,One Tree Hill,River Valley,Central,TE13,future,FALSE,FALSE,TE13,,,,,,,,,,13,,"111,7,105,174,123,106,NR8,75,77,132,174e",11,2070
237974,27783.69734,31709.53249,1.303044263,103.831375,Orchard,Paterson,River Valley,Central,TE14/NS22,operational,FALSE,TRUE,TE14,NS22,,,,22,,,,,14,,"NR6,972A,5N,124,54,162M,190A,7A,2N,1N,111,5,16,162,NR5,36,16M,972,174,167,190,6N,NR8,65,NR3,175,NR2,518,77,4N,174e,972M,14e,7,123,106,NR1,3N,36B,143,36A,518A,14",43,240
238384,28044.76787,30703.73245,1.293948162,103.8337208,Great World,Institution Hill,River Valley,Central,TE15,future,FALSE,FALSE,TE15,,,,,,,,,,15,,"5,195,75,175,970,195A,NR5,16,16M",9,3150
168604,28029.74366,30101.88222,1.28850524,103.8335858,Havelock,Bukit Ho Swee,Bukit Merah,Central,TE16,future,FALSE,FALSE,TE16,,,,,,,,,,16,,"5,186,123,6N,195,5N,51,75,64,121,175,970,3N,16,4N,2N,16M,1N",18,14390
58841,29175.80884,29220.38855,1.280533298,103.8438837,Maxwell,Chinatown,Outram,Central,TE18,future,FALSE,FALSE,TE18,,,,,,,,,,18,,"145,197,80,166,61",5,10490
18928,29897.41915,28908.96172,1.277716828,103.8503676,Shenton Way,Central Subzone,Downtown Core,Central,TE19,future,FALSE,FALSE,TE19,,,,,,,,,,19,,"130,186,672,97,670,653,850E,651,671,70,502,131,97e,982E,666,196A,513,133,196,656,970,655,665,162,660,167,652,75,100,661,10e,10,654,951E,667,196e,131A,107,57,668,657,106,400,663",44,880
19397,31367.22626,28559.32995,1.274554759,103.8635743,Marina South,Straits View,Straits View,Central,TE21,future,FALSE,FALSE,TE21,,,,,,,,,,21,,,0,
19396,31799.07218,28994.17088,1.278487259,103.8674547,Gardens By The Bay,Marina South,Marina South,Central,TE22,future,FALSE,FALSE,TE22,,,,,,,,,,22,,400,1,
436488,32466.63453,31070.53549,1.297265079,103.8734533,Tanjong Rhu,Tanjong Rhu,Kallang,Central,TE23,future,FALSE,FALSE,TE23,,,,,,,,,,23,,"11,158,158A",3,11110
437870,33882.89095,31133.19094,1.297831478,103.8861789,Katong Park,Mountbatten,Marine Parade,Central,TE24,future,FALSE,FALSE,TE24,,,,,,,,,,24,,"30,158,158A,401,30e",5,9980
439846,35128.21199,31297.73082,1.299319257,103.8973687,Tanjong Katong,Mountbatten,Marine Parade,Central,TE25,future,FALSE,FALSE,TE25,,,,,,,,,,25,,"48,36A,36B,36",4,9980
449971,35975.61075,31661.80799,1.302611635,103.9049831,Marine Parade,Marine Parade,Marine Parade,Central,TE26,future,FALSE,FALSE,TE26,,,,,,,,,,26,,"135,196A,401,196,43,15,966A,134,31,48,853M,36,47,43e,196e,36B,36A,197,966",19,26880
449970,37102.26344,32110.05443,1.306665103,103.9151067,Marine Terrace,Marine Parade,Marine Parade,Central,TE27,future,FALSE,FALSE,TE27,,,,,,,,,,27,,"150,196A,196,43,16,134,31,48,853M,36,16M,47,13,196e,4N,55,36B,36A,197",19,26880
449969,38762.61178,32479.8152,1.310008551,103.9300258,Siglap,Frankel,Bedok,East,TE28,future,FALSE,FALSE,TE28,,,,,,,,,,28,,"196,155,43,197,47,36,36B,196A,31,196e,48,853M,36A,4N,55,401",16,34490
469958,40129.48783,32824.19446,1.313122483,103.942308,Bayshore,Bayshore,Bedok,East,TE29,future,FALSE,FALSE,TE29,,,,,,,,,,29,,,0,7450
737741,23542.55457,45459.75882,1.427396053,103.7932643,Woodlands South,Woodlands South,Woodlands,North,TE3,operational,FALSE,FALSE,TE3,,,,,,,,,,3,,"665,901,901M",3,41000
468324,40908.86292,33218.0453,1.316684007,103.9493112,Bedok South,Bayshore,Bedok,East,TE30,future,FALSE,FALSE,TE30,,,,,,,,,,30,,"43,229,25,46,13,10e,14A,10,137,853M,55,14",12,7450
469731,41784.9899,33629.14833,1.320401487,103.9571838,Sungei Bedok,Bayshore,Bedok,East,TE31 / DT37,future,FALSE,TRUE,TE31,DT37,,,,,37,,,,31,,"10e,14A,10,45,14",5,7450
787140,26279.32794,42162.93444,1.397581061,103.8178569,Springleaf,Nee Soon,Yishun,North,TE4,operational,FALSE,FALSE,TE4,,,,,,,,,,4,,"138A,167,138,169,860,860T,980",7,890
789361,28269.89707,40827.79394,1.38550658,103.8357438,Lentor,Tagore,Ang Mo Kio,North-East,TE5,operational,FALSE,FALSE,TE5,,,,,,,,,,5,,825,1,7950
569900,28361.59505,39274.94719,1.371463188,103.8365678,Mayflower,Kebun Bahru,Ang Mo Kio,North-East,TE6,operational,FALSE,FALSE,TE6,,,,,,,,,,6,,"76,268A,71,268B,269,652,269A,262,265,268,CT8,268C,1N",13,22620
575737,27952.7071,38370.44389,1.363283185,103.8328936,Bright Hill,Upper Thomson,Bishan,Central,TE7,operational,FALSE,FALSE,TE7,,,,,,,,,,7,,"410G,162M,52,162,410,410W",6,29390
577937,27953.2465,37390.00369,1.354416434,103.8328985,Upper Thomson,Upper Thomson,Bishan,Central,TE8,operational,FALSE,FALSE,TE8,,,,,,,,,,8,,"163,167,410G,165,162M,52,162,855,132,166,410,410W,980",13,29390
297608,28761.5758,35491.34314,1.337245613,103.8401618,Caldecott,Toa Payoh West,Toa Payoh,Central,TE9/CC17,operational,FALSE,TRUE,TE9,CC17,,17,,,,,,,9,,"141,235",2,14360
556082,32390.68525,36971.75455,1.350633615,103.8727717,Serangoon,Serangoon Central,Serangoon,North-East,CC13/NE12,operational,TRUE,TRUE,CC13,NE12,,13,12,,,,,,,,"NR6,135,53,109A,147,506,101,147A,107M,70,116A,103,100A,133,58A,43,105,153,158,45,853M,70B,22,53M,43M,853,315,100,81,45A,107,70A,70M,317,82,116,58,109",38,24760
579842,29760.77555,37047.15733,1.351315801,103.8491403,Bishan,Bishan East,Bishan,Central,CC15/NS17,operational,TRUE,TRUE,CC15,NS17,,15,,17,,,,,,,"53,88,13A,410W,50,56,71,410,59,55B,410G,13,52,55,57,NR1,54,58,156",19,28310
39193,31008.36188,30709.25781,1.293997986,103.86035,Promenade,Marina Centre,Downtown Core,Central,CC4/DT15,operational,TRUE,TRUE,CC4,DT15,,4,,,15,,,,,,"97,162M,107M,502,97e,133,111,868E,36,857,502A,518,857B,70A,106,70M,36B,36A,518A",19,10
819661,45201.32039,37729.19338,1.357478974,103.9878836,Changi Airport,Changi Airport,Changi,East,CG2,operational,TRUE,FALSE,CG2,,,,,,,,2,,,,"53A,858,24,858B,27,53,110,34B,34,36",10,10
678213,20011.39812,40108.68377,1.379002116,103.7615351,Bukit Panjang,Gombak,Bukit Batok,West,DT1/BP6,operational,TRUE,TRUE,DT1,BP6,,,,,1,,,6,,,"170A,974A,972A,176,180A,190A,963,961M,180,171,961,160,974,178,970,177,67,983,979,963R,973,972,187,190,963e,75,NR3,973A,960,972M,922,975C,920,184,975,976",36,9930
588216,21598.16648,35931.23589,1.341223176,103.7757943,Beauty World,Anak Bukit,Bukit Timah,Central,DT5,operational,FALSE,FALSE,DT5,,,,,,5,,,,,,"170A,852,961M,961,157,970,985,67,174,75,52,77,174e,66,61,184,41,3N,173",19,21870
519634,40905.59746,39449.98234,1.373043316,103.9492845,Pasir Ris,Pasir Ris Central,Pasir Ris,East,EW1,operational,TRUE,FALSE,EW1,,,,,,,1,,,,,"53A,53,359,88,403,12,5,15,17,3,68,15A,89,58B,518,81,4N,21,358,12e,354,89A,3A,6,39,518A,58,109",28,32240
387405,32236.60384,32643.33024,1.31148891,103.8713865,Kallang,Boon Keng,Kallang,Central,EW10,operational,TRUE,FALSE,EW10,,,,,,,10,,,,,"26,7A,12,961M,2A,980,141,32,961,62,985,31,63A,853M,33,67,853,51,100,175,13,80,63,7,21,11,21A,2,197,140",30,11790
168731,27346.33227,29836.20442,1.286102536,103.8274451,Tiong Bahru,Tiong Bahru Station,Bukit Merah,Central,EW17,operational,TRUE,FALSE,EW17,,,,,,,17,,,,,"5,33A,123,851,123M,122,195,33,121,195A,NR5,63,63A,16,16M",15,15120
139345,23207.2578,32171.7151,1.307223708,103.7902535,Buona Vista,One North,Queenstown,Central,EW21/CC22,operational,TRUE,TRUE,EW21,CC22,,22,,,,21,,,,,"92B,147,95B,196,111,105,92M,198,NR5,185,200A,NR8,100,74,200,191,92,91,106,95,92A,14",22,720
129580,20418.10551,33044.49447,1.315116253,103.7651915,Clementi,Clementi Central,Clementi,West,EW23,operational,TRUE,FALSE,EW23,,,,,,,23,,,,,"147,154,5N,106A,196,284,99,105,201,NR5,285,166,185,96,NR8,175,7B,52,14,78,7,189,106,184,96B,165,183,105B,154B,96A,173,282,156",33,14000
609690,17869.05705,35038.96887,1.333152816,103.7422863,Jurong East,Jurong Gateway,Jurong East,West,EW24 / NS1,operational,TRUE,TRUE,EW24,NS1,,,,1,,24,,,,,"98M,97,506,98,143M,334,97e,105,160,183B,333,51A,197,167,51,49,160M,52,66,78,990,105B,41,183,143,160A,335",27,450
649846,13837.98272,35641.91912,1.338604055,103.7060646,Boon Lay,Jurong West Central,Jurong West,West,EW27,operational,TRUE,FALSE,EW27,,,,,,,27,,,,,"246,249,974A,154,5N,180A,181,180,243G,405,242,79A,198,974,181M,157,178,258,240,NR5,240M,243W,193,30,179A,174,187,192,252,241,179,199,174e,79,172,251,194,198A,154B",39,63760
629116,10756.33797,34438.26178,1.327717041,103.678375,Joo Koon,Joo Koon,Pioneer,West,EW29,operational,TRUE,FALSE,EW29,,,,,,,29,,,,,"99,254,257,255,193,252,974A,182,192,253,974,258,182M",13,30
638418,6150.862788,35894.35822,1.340882425,103.6369914,Tuas Link,Tuas Promenade,Tuas,West,EW33,operational,TRUE,FALSE,EW33,,,,,,,33,,,,,"248M,193,247,182,192,248,182M",7,10
467347,38757.95205,34024.70478,1.323979969,103.9299845,Bedok,Bedok North,Bedok,East,EW5,operational,TRUE,FALSE,EW5,,,,,,,5,,,,,"9A,155,26,854,24,87,17A,7A,137,196A,401,18,228,222A,30e,196,9,32,60T,2A,229,17,31,25,33,222,60,16M,67,30,35M,854e,225W,33B,14A,38,69,28,4N,225G,7,222B,168,35,40,2,16,197,137A,14",50,81840
409423,35779.98835,33560.5859,1.319783549,103.9032258,Eunos,Geylang East,Geylang,Central,EW7,operational,TRUE,FALSE,EW7,,,,,,,7,,,,,"26,155,24,854,60A,154,150,2,2A,60T,76,30e,2N,94,15,25,63A,60,67,22,93,30,51,13,28,63,55,61,94A,21,7,63M,966",33,29920
98867,26688.0367,27545.85343,1.265389384,103.8215302,Harbourfront,Maritime Square,Bukit Merah,Central,NE1 / CC29,operational,TRUE,TRUE,NE1,CC29,,29,1,,,,,,,,"NR6,97,131,97e,188R,30e,166,963R,30,65,100,855,10,80,61,145,57,123M,NR1,143",20,3620
347695,32173.31857,35706.37936,1.339190045,103.8708183,Woodleigh,Bidadari,Toa Payoh,Central,NE11,operational,TRUE,FALSE,NE11,,,,11,,,,,,,,"155,NR6,853,135,100A,147,506,100,13,147A,107M,853M,107,133",14,
538758,34572.87525,39256.12828,1.371292266,103.8923805,Hougang,Hougang Central,Hougang,North-East,NE14,operational,TRUE,FALSE,NE14,,,,14,,,,,,,,"161,325,72,87,147,101,147A,107M,151,80A,324,329,153,112,62A,112A,62,132,102,27,89,6N,51,74,80,113,107,165,82,72A,89e,116",32,4720
545061,34655.42506,40536.34017,1.38287002,103.8931226,Buangkok,Compassvale,Sengkang,North-East,NE15/STC,operational,TRUE,TRUE,NE15,STC,,,15,,,,,,,,"102,27,43M,43,43e,114",6,20960
545062,34918.27401,41512.12769,1.391694626,103.8954847,Sengkang,Sengkang Town Centre,Sengkang,North-East,NE16,operational,TRUE,FALSE,NE16,,,,16,,,,,,,,"161,119,NR6,87,85A,80A,50,374,43,85,371,159A,102,27,43M,89,163A,43e,80,965T,965,109,163,372,159,86,83T,27A,89e,110,83,156",32,61790
828868,35651.3828,42933.24827,1.404546537,103.9020726,Punggol,Matilda,Punggol,North-East,NE17/PTC,operational,TRUE,TRUE,NE17,PTC,,,17,,,,,,,,"381,119,117,34A,34,50,43,85,386,62A,62,386A,3,382A,117M,382,136,43M,6N,84,43e,382W,384,118,382G,83T,82,39,83",29,52200
59816,28681.24929,29130.52227,1.279720594,103.8394399,Outram Park,Singapore General Hospital,Bukit Merah,Central,NE3/EW16/TE17,operational,TRUE,TRUE,NE3,EW16,TE17,,3,,,16,,,17,,"147,124,147A,12,961M,2,851,961,970,63A,33,CT8,166,851e,190,CT18,63,61,12e,143,54,197",22,10
759775,26522.98826,47854.19984,1.449050822,103.8200461,Sembawang,Sembawang Central,Sembawang,North,NS11,operational,TRUE,FALSE,NS11,,,,,11,,,,,,,"858,962B,117,859B,858A,859A,980,656,856,962,883M,117M,167,859T,882,981,882A,NR2,859,883",20,34800
769093,28187.67882,45686.07054,1.429443085,103.835005,Yishun,Yishun West,Yishun,North,NS13,operational,TRUE,FALSE,NS13,,,,,13,,,,,,,"858,854,965A,117,811,807,85A,103,852,860T,858A,811T,171,812,85,856,851,969A,883B,857A,807A,812T,860,800,853M,117M,883M,969,811A,853,851e,857,854e,859T,801,807B,806,803,855,804,805,965,965T,859,169A,857B,169,883,39",49,53910
569812,29807.26115,39105.736,1.36993285,103.8495581,Ang Mo Kio,Cheng San,Ang Mo Kio,North-East,NS16,operational,TRUE,FALSE,NS16,,,,,16,,,,,,,"24,130,135,73T,268B,88,138,130A,88A,268C,133,76,268A,1N,50,269,269A,262,73,268,25,138B,132,166,CT8,136,22,159A,261,74,159B,88B,138A,159,265,86,165,169",38,28070
319398,29578.48907,34980.89629,1.332629281,103.8475022,Toa Payoh,Toa Payoh Central,Toa Payoh,Central,NS19,operational,TRUE,FALSE,NS19,,,,,19,,,,,,,"26,155,73T,88,139,238,142A,141,56,105,153,129,90A,157,73,31,8,90,235,28,142,163,231,145,139M,159,NR1,232,143",29,28020
659958,18679.32232,36794.92602,1.349033312,103.7495665,Bukit Batok,Bukit Batok Central,Bukit Batok,West,NS2,operational,TRUE,FALSE,NS2,,,,,2,,,,,,,"944,945,947,990,189,187,106,173A,991A,941,189A,106A,852,77,991,173,177,61",18,27290
689810,18101.2472,40812.12161,1.385363165,103.7443708,Choa Chu Kang,Choa Chu Kang Central,Choa Chu Kang,West,NS4,operational,TRUE,FALSE,NS4,,,,,4,,,,,,,"975A,974A,190A,927,991,188R,925,974,985,302,300,188,67,983,190,188e,NR3,307A,301,307,975B,172,975C,991B,3N,307T,983A,975,976",29,22530
737736,22949.91913,46417.52233,1.436057617,103.7879388,Woodlands,Woodlands Regional Centre,Woodlands,North,TE2/NS9,operational,TRUE,TRUE,TE2,NS9,,,,9,,,,,2,,"858,161,169B,902,965A,913T,913M,950,926,963,961M,858A,903,856,913,962,925,961,966A,912B,178,665,904,903M,912M,969,963R,178A,187,912,963e,925M,964,901M,960,965,901,965T,900A,911,169A,925A,168,960e,169,900,966,912A,911T",49,10
