,name,station_code,code,code2,code3,interchange,NS,SW,CC,EW,NE,BP,CE,DT,PW,TE,PE,CG,SE,totalTapIn,totalTapOut,cluster,postal,x,y,lat,long,subzone,area,region,status,bus_interchange,mrt_interchange,svc,bus count,pop,geometry,groceryCount,mallCount,adj_stations,dist_to_nearest_station,hub,min_dist_to_hub,nearest_hub,bus_rank,pop_rank,hub_dist_rank,adj_count_rank,dist_to_neighbour_rank,pop-bus_rank,bizCount
0,Bukit Panjang,BP6/DT1,BP6,DT1,,True,,,,,,6.0,,1.0,,,,,,503763.25,540350.25,0.0,678213,20011.39812,40108.68377,1.379002116,103.7615351,Gombak,Bukit Batok,West,operational,True,True,"170A,974A,972A,176,180A,190A,963,961M,180,171,961,160,974,178,970,177,67,983,979,963R,973,972,187,190,963e,75,NR3,973A,960,972M,922,975C,920,184,975,976",36,9930.0,POINT (1.379002116 103.7615351),23,14,2.0,1.07130870402,False,5.5290463585803185,Jurong East,0.8859060402684564,0.5369127516778524,0.6711409395973155,0.2046979865771812,0.610738255033557,-0.3489932885906041,614
1,MacPherson,CC10/DT26,CC10,DT26,,True,,,10.0,,,,,26.0,,,,,,229332.25,218221.75,2.0,378956,34230.010480000004,34264.54353,1.326150245,103.8892986,Macpherson,Geylang,Central,operational,False,True,"24,155,135,154,70,80A,137,76,43,158,63A,65,43e,80,28,63,61,70A,70M,40,63M",21,28360.0,POINT (1.326150245 103.8892986),37,3,7.0,0.6775042796779599,False,6.287144606614758,Raffles Place,0.6979865771812079,0.7751677852348994,0.8053691275167785,0.714765100671141,0.17785234899328858,0.07718120805369133,3763
2,Tai Seng,CC11,CC11,,,False,,,11.0,,,,,,,,,,,222885.5,225728.5,1.0,534803,34128.79235,35258.74882,1.3351415009999998,103.8883893,Tai Seng,Hougang,North-East,operational,False,False,"24,70,151,80A,76,58A,43,158,62A,90A,62,90,22,93,58B,80,28,70A,70M,58",20,13830.0,POINT (1.3351415009999998 103.8883893),32,6,4.0,1.0048789865874301,False,6.624440279151451,Tampines,0.674496644295302,0.6375838926174496,0.8389261744966443,0.4697986577181208,0.5302013422818792,-0.03691275167785235,3677
3,Bartley,CC12,CC12,,,False,,,12.0,,,,,,,,,,,87827.5,75543.75,2.0,539788,33214.93397,36072.52553,1.342501178,103.8801779,Bidadari,Toa Payoh,Central,operational,False,False,"93,158,129,28",4,0.0,POINT (1.342501178 103.8801779),20,5,5.0,1.1036775456048529,False,7.233564435079602,Raffles Place,0.14093959731543626,0.016778523489932886,0.8926174496644296,0.5838926174496645,0.6644295302013423,-0.12416107382550336,2860
4,Lorong Chuan,CC14,CC14,,,False,,,14.0,,,,,,,,,,,104689.0,100974.75,2.0,554533,31431.40547,37079.94437,1.351612171,103.8641519,Lorong Chuan,Serangoon,North-East,operational,False,False,"105,58",2,8490.0,POINT (1.351612171 103.8641519),28,9,3.0,0.9643697811786576,False,7.6356122972542355,Raffles Place,0.08053691275167785,0.4966442953020134,0.9194630872483222,0.34899328859060397,0.4798657718120805,0.4161073825503356,1370
5,Marymount,CC16,CC16,,,False,,,16.0,,,,,,,,,,,118507.0,114434.5,2.0,573993,28679.36877,36758.71365,1.348707263,103.8394231,Upper Thomson,Bishan,Central,operational,False,False,"163,130,167,851,54,165,410G,162M,74,52,162,855,852,132,166,410,410W,980",18,29390.0,POINT (1.348707263 103.8394231),20,7,5.0,0.9638833601264524,False,7.304788436583407,Raffles Place,0.610738255033557,0.7919463087248322,0.8993288590604027,0.5838926174496645,0.4664429530201342,0.18120805369127516,1281
6,Caldecott,CC17/TE9,CC17,TE9,,True,,,17.0,,,,,,,9.0,,,,74797.0,72068.75,0.0,297608,28761.5758,35491.34314,1.337245613,103.8401618,Toa Payoh West,Toa Payoh,Central,operational,False,True,"141,235",2,14360.0,POINT (1.337245613 103.8401618),26,8,5.0,0.8202834801582316,False,6.038770777782457,Raffles Place,0.08053691275167785,0.6543624161073825,0.7382550335570469,0.5838926174496645,0.3322147651006712,0.5738255033557047,1473
7,Botanic Gardens,CC19/DT9,CC19,DT9,,True,,,19.0,,,,,9.0,,,,,,77084.0,83539.75,2.0,257494,25959.6005,33818.14422,1.322113736,103.8149845,Tyersall,Tanglin,Central,operational,False,True,"170A,186,153,154,151,48,67,156",8,3880.0,POINT (1.322113736 103.8149845),21,6,3.0,0.8896428652671464,False,5.855440400164224,Raffles Place,0.2651006711409396,0.4093959731543624,0.7114093959731543,0.34899328859060397,0.3926174496644295,0.14429530201342286,580
8,Bras Basah,CC2,CC2,,,False,,,2.0,,,,,,,,,,,49258.75,52827.75,2.0,189561,29930.76738,31025.9016,1.296861686,103.8506674,Bras Basah,Museum,Central,operational,False,False,"130,147,850E,124,147A,162M,7A,12,131,502,2A,133,32,111,656,851,16,665,162,660,33,166,36,16M,857,851e,502A,167,190,174,652,51,175,14A,518,80,63,951E,77,960,174e,131A,61,14e,7,145,857B,12e,106,36B,960e,2,36A,197,518A,663,14",57,10.0,POINT (1.296861686 103.8506674),56,50,20.0,0.23134175545130906,False,1.4189371249231832,Raffles Place,0.9932885906040269,0.053691275167785234,0.1476510067114094,0.9865771812080536,0.010067114093959731,-0.9395973154362416,9431
9,Farrer Road,CC20,CC20,,,False,,,20.0,,,,,,,,,,,72332.25,73231.5,2.0,268857,25113.2012,33301.26022,1.317439152,103.8073792,Farrer Court,Bukit Timah,Central,operational,False,False,"93,186,174,961,153,5N,165,855,48,961M",10,6180.0,POINT (1.317439152 103.8073792),26,3,5.0,0.9035721659975886,False,6.143011398654057,Raffles Place,0.34899328859060397,0.42953020134228187,0.7583892617449665,0.5838926174496645,0.42953020134228187,0.08053691275167785,553
10,Holland Village,CC21,CC21,,,False,,,21.0,,,,,,,,,,,106599.75,113445.75,2.0,278995,23891.21523,32726.41283,1.312240296,103.7963991,Leedon Park,Bukit Timah,Central,operational,False,False,"7,5N,106,75,NR8,165,970,7B,95,48,77,61",12,6440.0,POINT (1.312240296 103.7963991),27,2,6.0,0.8819855303923569,False,6.449275377687267,Jurong East,0.4228187919463087,0.436241610738255,0.825503355704698,0.6610738255033557,0.3724832214765101,0.013422818791946291,632
11,Buona Vista,CC22/EW21,CC22,EW21,,True,,,22.0,21.0,,,,,,,,,,305493.5,279576.75,2.0,139345,23207.2578,32171.7151,1.307223708,103.7902535,One North,Queenstown,Central,operational,True,True,"92B,147,95B,196,111,105,92M,198,NR5,185,200A,NR8,100,74,200,191,92,91,106,95,92A,14",22,720.0,POINT (1.307223708 103.7902535),25,4,5.0,0.8819855303923569,False,6.061857010763537,Jurong East,0.7214765100671141,0.2583892617449665,0.7449664429530202,0.5838926174496645,0.3724832214765101,-0.4630872483221477,615
12,one-north,CC23,CC23,,,False,,,23.0,,,,,,,,,,,132341.25,128568.75,1.0,138647,22896.07281,31346.4081,1.299759875,103.7874575,One North,Queenstown,Central,operational,False,False,"191,91",2,720.0,POINT (1.299759875 103.7874575),27,6,5.0,0.7630076251909015,False,6.24520518367289,Jurong East,0.08053691275167785,0.2583892617449665,0.785234899328859,0.5838926174496645,0.2651006711409396,0.1778523489932886,696
13,Kent Ridge,CC24,CC24,,,False,,,24.0,,,,,,,,,,,239850.5,230404.0,1.0,118177,22575.01071,30657.93329,1.293533499,103.7845727,National University Of S'Pore,Queenstown,Central,operational,False,False,"166,92,92B,33A,97,200A,963e,200,92A,95,95B,963,33,197,14",15,240.0,POINT (1.293533499 103.7845727),20,6,4.0,0.7630076251909015,False,6.4424871029573065,Jurong East,0.5302013422818792,0.18456375838926176,0.8187919463087249,0.4697986577181208,0.2651006711409396,-0.34563758389261745,713
14,Haw Par Villa,CC25,CC25,,,False,,,25.0,,,,,,,,,,,91745.25,85259.75,2.0,117396,22261.1431,29445.80204,1.282571358,103.7817527,Pasir Panjang 1,Queenstown,Central,operational,False,False,"30,200A,51,176,175,200,10,143,188,30e",10,4510.0,POINT (1.282571358 103.7817527),6,3,2.0,1.2586014049473255,False,7.133194912025372,Jurong East,0.34899328859060397,0.4161073825503356,0.8859060402684564,0.2046979865771812,0.785234899328859,0.06711409395973156,470
15,Pasir Panjang,CC26,CC26,,,False,,,26.0,,,,,,,,,,,71427.0,75581.25,1.0,117424,23329.26471,28742.76576,1.276213522,103.7913503,Port,Queenstown,Central,operational,False,False,"30,51,176,188e,175,10,143,188,30e",9,120.0,POINT (1.276213522 103.7913503),9,4,2.0,1.2799018254899566,False,6.740080252255567,Raffles Place,0.2953020134228188,0.15436241610738255,0.8657718120805369,0.2046979865771812,0.8053691275167785,-0.14093959731543626,637
16,Labrador Park,CC27,CC27,,,False,,,27.0,,,,,,,,,,,49590.25,51106.25,1.0,109029,24584.77505,28304.9441,1.272254177,103.8026316,Maritime Square,Bukit Merah,Central,operational,False,False,"166,93,30,57,97,963,51,176,100,175,10,120,143,188,30e,61",16,3620.0,POINT (1.272254177 103.8026316),14,6,2.0,0.8110924430116517,False,5.586505633171773,Raffles Place,0.5671140939597316,0.38926174496644295,0.6778523489932886,0.2046979865771812,0.3187919463087248,-0.1778523489932886,899
17,Telok Blangah,CC28,CC28,,,False,,,28.0,,,,,,,,,,,54512.5,53591.0,0.0,109028,25378.2908,28133.79905,1.270706477,103.8097616,Maritime Square,Bukit Merah,Central,operational,False,False,"143,93,166,30,57,61,97,963,176,100,124,10,120,97e,188R,188,963R",17,3620.0,POINT (1.270706477 103.8097616),16,7,2.0,0.8110924430116517,False,4.869915390070611,Raffles Place,0.5939597315436241,0.38926174496644295,0.5771812080536913,0.2046979865771812,0.3187919463087248,-0.2046979865771812,952
18,Esplanade,CC3,CC3,,,False,,,3.0,,,,,,,,,,,76862.0,67622.0,2.0,189562,30421.99348,30671.62777,1.293657725,103.8550812,City Hall,Downtown Core,Central,operational,False,False,"130,850E,162M,107M,70,502,131,961M,196A,133,196,111,56,656,961,665,162,660,36,16M,857,502A,167,652,100,10e,518,10,196e,951E,77,960,14e,131A,107,57,857B,106,36B,960e,16,518A,663,14",44,80.0,POINT (1.293657725 103.8550812),50,42,20.0,0.2887792829093708,False,1.13372685242048,Raffles Place,0.9429530201342282,0.13758389261744966,0.11409395973154365,0.9865771812080536,0.02348993288590604,-0.8053691275167786,8930
19,Promenade,CC4/DT15,CC4,DT15,,True,,,4.0,,,,,15.0,,,,,,170624.25,179801.5,2.0,39193,31008.36188,30709.257810000006,1.293997986,103.86035,Marina Centre,Downtown Core,Central,operational,True,True,"97,162M,107M,502,97e,133,111,868E,36,857,502A,518,857B,70A,106,70M,36B,36A,518A",19,10.0,POINT (1.293997986 103.86035),40,35,18.0,0.5869352100134595,False,1.4769503642747916,Raffles Place,0.6409395973154363,0.053691275167785234,0.16778523489932887,0.9429530201342282,0.1342281879194631,-0.587248322147651,8452
20,Nicoll Highway,CC5,CC5,,,False,,,5.0,,,,,,,,,,,52465.0,53374.5,2.0,38970,31374.164930000006,31347.15287,1.299766847,103.863637,Nicoll,Downtown Core,Central,operational,False,False,"196,70A,70M,70,14A,10,16,196A,16M,14",10,290.0,POINT (1.299766847 103.863637),42,28,15.0,0.7382421333761598,False,2.2038230400006147,Raffles Place,0.34899328859060397,0.20134228187919465,0.2483221476510067,0.87248322147651,0.2348993288590604,-0.1476510067114094,6132
21,Stadium,CC6,CC6,,,False,,,6.0,,,,,,,,,,,93102.25,95493.75,2.0,397692,32676.34771,31683.94076,1.302812468,103.8753377,Tanjong Rhu,Kallang,Central,operational,False,False,11,1,11110.0,POINT (1.302812468 103.8753377),40,17,8.0,0.8837257546429235,False,3.3708234504284014,Raffles Place,0.0436241610738255,0.5939597315436241,0.3825503355704698,0.7550335570469798,0.3825503355704698,0.5503355704697986,3522
22,Mountbatten,CC7,CC7,,,False,,,7.0,,,,,,,,,,,90921.5,93317.0,2.0,398006,33476.56343,32058.74185,1.306201905,103.8825281,Aljunied,Geylang,Central,operational,False,False,"196,30,11,158,14A,158A,12,196A,401,14",10,39990.0,POINT (1.306201905 103.8825281),36,10,5.0,0.7720562817417055,False,4.237082532503504,Raffles Place,0.34899328859060397,0.906040268456376,0.5033557046979866,0.5838926174496645,0.2785234899328859,0.5570469798657718,2816
23,Dakota,CC8,CC8,,,False,,,8.0,,,,,,,,,,,114832.0,101820.0,2.0,397973,34204.0253,32318.17446,1.308547984,103.8890647,Aljunied,Geylang,Central,operational,False,False,"32,30,33,33B,10,31,16,401,16M,30e",10,39990.0,POINT (1.308547984 103.8890647),38,9,6.0,0.7720562817417055,False,4.984850373853625,Raffles Place,0.34899328859060397,0.906040268456376,0.5906040268456376,0.6610738255033557,0.2785234899328859,0.5570469798657718,2479
24,Bayfront,CE1/DT16,CE1,DT16,,True,,,,,,,1.0,16.0,,,,,,282228.0,289490.75,2.0,18957,30867.00927,29368.625030000007,1.281873789,103.8590798,Bayfront Subzone,Downtown Core,Central,operational,False,True,"NR6,502A,97,106,NR1,518,502,97e,518A,133",10,0.0,POINT (1.281873789 103.8590798),26,25,12.0,0.7442420394511063,False,0.8831219081976892,Raffles Place,0.34899328859060397,0.016778523489932886,0.06711409395973154,0.825503355704698,0.2416107382550336,-0.3322147651006712,7734
25,Expo,CG1/DT35,CG1,DT35,,True,,,,,,,,35.0,,,,1.0,,132057.25,132488.0,2.0,485985,42362.60346000001,35285.70839,1.3353825259999998,103.9623747,Xilin,Tampines,East,operational,False,True,"20,118,47",3,1760.0,POINT (1.3353825259999998 103.9623747),15,3,2.0,0.7139682578509452,False,2.7638345626468994,Tampines,0.1174496644295302,0.3355704697986577,0.31543624161073824,0.2046979865771812,0.2114093959731544,0.21812080536912756,596
26,Changi Airport,CG2,CG2,,,False,,,,,,,,,,,,2.0,,101091.5,98673.25,2.0,819661,45201.32039,37729.19338,1.357478974,103.9878836,Changi Airport,Changi,East,operational,True,False,"53A,858,24,858B,27,53,110,34B,34,36",10,10.0,POINT (1.357478974 103.9878836),2,1,0.0,3.4179841314578323,False,4.773682429050028,Tampines,0.34899328859060397,0.053691275167785234,0.5704697986577181,0.013422818791946308,1.0,-0.2953020134228188,116
27,Stevens,DT10,DT10,,,False,,,,,,,,10.0,,,,,,70168.0,57205.25,2.0,257877,27188.22996,33591.66086,1.320065558,103.8260244,Nassim,Tanglin,Central,operational,False,True,"170A,105,190,972A,NR3,960e,NR2,190A,48,960,132,972M,67,972",14,9520.0,POINT (1.320065558 103.8260244),30,22,4.0,1.2482077040465676,False,4.895610882239644,Raffles Place,0.5,0.5201342281879194,0.5838926174496645,0.4697986577181208,0.7651006711409396,0.020134228187919437,1097
28,Rochor,DT13,DT13,,,False,,,,,,,,13.0,,,,,,111988.75,115462.5,2.0,188505,30164.70185,31798.87668,1.303852185,103.8527694,Bencoolen,Rochor,Central,operational,False,False,"170A,131A,56,851e,166,57,851,23,960e,131,48,960,4N,2N,67,980",16,1310.0,POINT (1.303852185 103.8527694),56,49,18.0,0.31684077589378634,False,2.198307018829163,Raffles Place,0.5671140939597316,0.3120805369127517,0.2416107382550336,0.9429530201342282,0.03691275167785235,-0.2550335570469799,7498
29,Downtown,DT17,DT17,,,False,,,,,,,,17.0,,,,,,135764.75,135289.0,1.0,18969,30172.668810000006,29100.20877,1.279446382,103.8528408,Central Subzone,Downtown Core,Central,operational,False,False,"130,186,672,97,670,653,850E,651,671,70,131,97e,502,982E,196A,513,666,133,196,656,970,665,655,162,660,502A,167,652,75,100,661,10e,10,196e,951E,667,654,131A,107,57,668,657,106,400,663",45,880.0,POINT (1.279446382 103.8528408),27,25,14.0,0.3899002278523716,False,0.5424231647905721,Raffles Place,0.953020134228188,0.2785234899328859,0.040268456375838924,0.8489932885906041,0.07046979865771813,-0.674496644295302,7382
30,Telok Ayer,DT18,DT18,,,False,,,,,,,,18.0,,,,,,132294.25,141547.5,1.0,48416,29706.12592,29390.19539,1.282068948,103.8486488,Chinatown,Outram,Central,operational,False,False,"130,186,850E,70,131,196,656,970,665,868E,162,660,167,652,75,100,10e,10,196e,951E,107,57,663",23,10490.0,POINT (1.282068948 103.8486488),36,34,16.0,0.3874037875731798,False,0.3874037875731798,Raffles Place,0.7550335570469798,0.5671140939597316,0.03355704697986577,0.8926174496644296,0.05704697986577181,-0.18791946308724827,7855
31,Cashew,DT2,DT2,,,False,,,,,,,,2.0,,,,,,37019.25,29857.25,2.0,679696,20334.55891,39092.85854,1.369815449,103.7644392,Jelebu,Bukit Panjang,West,operational,False,False,"170A,961,184,176,75,178,970,177,963,961M,67",11,31310.0,POINT (1.369815449 103.7644392),19,9,3.0,0.8942697593465071,False,4.762761325888915,Jurong East,0.3959731543624161,0.8187919463087249,0.5637583892617449,0.34899328859060397,0.41946308724832215,0.4228187919463088,566
32,Fort Canning,DT20,DT20,,,False,,,,,,,,20.0,,,,,,59072.5,62220.75,2.0,179038,29225.627610000003,30541.60877,1.292481948,103.8443314,Clarke Quay,Singapore River,Central,operational,False,False,"NR6,5N,195,139,2N,1N,32,195A,NR5,6N,NR8,64,NR3,NR2,4N,123,NR1,3N,143,54",20,130.0,POINT (1.292481948 103.8443314),58,48,19.0,0.5182133562071954,False,1.2213428367730428,Raffles Place,0.674496644295302,0.1644295302013423,0.12751677852348994,0.9697986577181208,0.12751677852348994,-0.5100671140939597,9214
33,Bencoolen,DT21,DT21,,,False,,,,,,,,21.0,,,,,,72228.0,67475.0,2.0,189658,29895.86395,31253.32587,1.298918434,103.8503538,Bencoolen,Rochor,Central,operational,False,False,"NR6,147,5N,850E,124,147A,162M,139,131,502,2N,1N,111,56,656,665,162,660,166,36,16M,857,502A,167,190,6N,174,652,65,64,175,518,951E,77,4N,174e,131A,14e,7,857B,106,3N,36B,16,518A,663,14",47,1310.0,POINT (1.298918434 103.8503538),60,49,18.0,0.23134175545130906,False,1.6494914203880615,Raffles Place,0.9630872483221476,0.3120805369127517,0.19463087248322147,0.9429530201342282,0.010067114093959731,-0.651006711409396,9342
34,Jalan Besar,DT22,DT22,,,False,,,,,,,,22.0,,,,,,80820.75,87332.5,0.0,208826,30445.85298,31944.74962,1.305171388,103.8552957,Sungei Road,Rochor,Central,operational,False,False,"170A,130,147,147A,139,2N,851,48,67,857,851e,64,65,23,960,4N,57,857B,960e",19,2050.0,POINT (1.305171388 103.8552957),54,45,17.0,0.31684077589378634,False,2.3786796864105724,Raffles Place,0.6409395973154363,0.34899328859060397,0.2885906040268457,0.9127516778523491,0.03691275167785235,-0.29194630872483224,6678
35,Bendemeer,DT23,DT23,,,False,,,,,,,,23.0,,,,,,48946.25,49219.0,1.0,339356,31300.767610000006,32884.770919999995,1.313672528,103.8629776,Kallang Bahru,Kallang,Central,operational,False,False,"961,175,107M,961M,107,61",6,20.0,POINT (1.313672528 103.8629776),50,24,11.0,0.648880450373166,False,3.526068390161396,Raffles Place,0.2046979865771812,0.09060402684563758,0.4026845637583893,0.8087248322147651,0.15771812080536912,-0.11409395973154365,4169
36,Geylang Bahru,DT24,DT24,,,False,,,,,,,,24.0,,,,,,74081.75,73595.5,0.0,339355,32262.86126,33728.31269,1.321301102,103.8716226,Geylang Bahru,Kallang,Central,operational,False,False,"26,853,175,107M,853M,140,107,61",8,11280.0,POINT (1.321301102 103.8716226),49,7,8.0,1.091381607330642,False,4.702203235019118,Raffles Place,0.2651006711409396,0.6040268456375839,0.5436241610738255,0.7550335570469798,0.6308724832214765,0.3389261744966443,3904
37,Mattar,DT25,DT25,,,False,,,,,,,,25.0,,,,,,56477.25,59515.25,2.0,379314,33556.583439999995,34344.85853,1.326876715,103.8832475,Macpherson,Geylang,Central,operational,False,False,"155,135,154,158,65,40,63,63A,63M,61",10,28360.0,POINT (1.326876715 103.8832475),32,3,9.0,0.6775042796779599,False,5.923120647868491,Raffles Place,0.34899328859060397,0.7751677852348994,0.7181208053691275,0.7785234899328859,0.17785234899328858,0.42617449664429535,3726
38,Ubi,DT27,DT27,,,False,,,,,,,,27.0,,,,,,112029.0,111569.5,2.0,408899,35334.89183,34687.41099,1.32997426,103.8992267,Kampong Ubi,Geylang,Central,operational,False,False,"61,63,137,65,8,63A,63M,22",8,11800.0,POINT (1.32997426 103.8992267),30,2,7.0,1.166889206781922,False,5.725692256320612,Tampines,0.2651006711409396,0.6241610738255033,0.6912751677852349,0.714765100671141,0.7248322147651006,0.3590604026845637,3569
39,Kaki Bukit,DT28,DT28,,,False,,,,,,,,28.0,,,,,,141341.5,137041.25,2.0,415804,36362.37828,35239.552260000004,1.33496736,103.9084593,Kaki Bukit,Bedok,East,operational,False,False,"15A,5,59,58A,87,15,58B,58",8,37150.0,POINT (1.33496736 103.9084593),24,4,4.0,1.0584736263018817,False,4.5592873739521655,Tampines,0.2651006711409396,0.8557046979865772,0.5302013422818792,0.4697986577181208,0.6006711409395973,0.5906040268456376,2810
40,Bedok North,DT29,DT29,,,False,,,,,,,,29.0,,,,,,105759.0,96387.25,0.0,479481,37421.74382,35214.680389999994,1.334742117,103.9179783,Kaki Bukit,Bedok,East,operational,False,False,"87,23,518,137,137A,60,60T",7,37150.0,POINT (1.334742117 103.9179783),26,3,4.0,1.0584736263018817,False,3.657719984716058,Tampines,0.2348993288590604,0.8557046979865772,0.4093959731543624,0.4697986577181208,0.6006711409395973,0.6208053691275168,1557
41,Hillview,DT3,DT3,,,False,,,,,,,,3.0,,,,,,92629.75,84220.75,0.0,678211,20666.06755,38266.78985,1.362344868,103.7674183,Nature Reserve,Bukit Panjang,West,operational,False,False,"170A,973,961,653,184,176,75,178,970,963,961M,67",12,3850.0,POINT (1.362344868 103.7674183),21,11,3.0,0.8942697593465071,False,4.282728415023003,Jurong East,0.4228187919463087,0.4026845637583893,0.5100671140939598,0.34899328859060397,0.41946308724832215,-0.02013422818791949,642
42,Bedok Reservoir,DT30,DT30,,,False,,,,,,,,30.0,,,,,,102690.75,98861.5,0.0,469724,39008.31316000001,35421.04087,1.33660783,103.9322346,Bedok Reservoir,Bedok,East,operational,False,False,"5,21,59,168,46,65,69,CT18,28,18,228,2N,67",13,25470.0,POINT (1.33660783 103.9322346),33,8,4.0,1.2068201261569371,False,2.3463467299186265,Tampines,0.4630872483221477,0.7248322147651006,0.2818791946308725,0.4697986577181208,0.7315436241610739,0.26174496644295303,1041
43,Tampines West,DT31,DT31,,,False,,,,,,,,31.0,,,,,,110811.5,117267.5,0.0,529683,39698.52759,36406.01433,1.345515306,103.938437,Tampines West,Tampines,East,operational,False,False,"46,513,2N,18,5,15,129,8,67,15A,59,118B,65,23,518,69,28,21,118,168,118A",21,79670.0,POINT (1.345515306 103.938437),29,10,3.0,1.1426300200902817,False,1.1426300200902817,Tampines,0.6979865771812079,0.9731543624161074,0.12080536912751677,0.34899328859060397,0.7181208053691275,0.2751677852348994,888
44,Tampines East,DT33,DT33,,,False,,,,,,,,33.0,,,,,,244577.25,228995.25,0.0,529623,41501.07485,37586.61776,1.356191483,103.9546345,Tampines East,Tampines,East,operational,False,False,"9A,19,34B,12,293T,34,18,37,17,29A,8,3,4,59,38,518,81,29,21,12e,293,39,9",23,130980.0,POINT (1.356191483 103.9546345),25,11,4.0,1.1027871225118029,False,1.1027871225118029,Tampines,0.7550335570469798,0.9966442953020134,0.10067114093959732,0.4697986577181208,0.6543624161073825,0.24161073825503354,907
45,Upper Changi,DT34,DT34,,,False,,,,,,,,34.0,,,,,,54853.5,50693.75,2.0,485990,42262.18797,35988.65688,1.341739774,103.9614728,Simei,Tampines,East,operational,False,False,"24,2,5,4N",4,39450.0,POINT (1.341739774 103.9614728),19,7,3.0,0.7139682578509452,False,2.224288375541891,Tampines,0.14093959731543626,0.8825503355704698,0.2550335570469799,0.34899328859060397,0.2114093959731544,0.7416107382550335,729
46,Beauty World,DT5,DT5,,,False,,,,,,,,5.0,,,,,,160784.0,162179.75,0.0,588216,21598.16648,35931.23589,1.341223176,103.7757943,Anak Bukit,Bukit Timah,Central,operational,False,False,"170A,852,961M,961,157,970,985,67,174,75,52,77,174e,66,61,184,41,3N,173",19,21870.0,POINT (1.341223176 103.7757943),17,4,1.0,1.0474326728686794,False,3.831476629212669,Jurong East,0.6409395973154363,0.6912751677852349,0.436241610738255,0.07046979865771813,0.5805369127516778,0.05033557046979864,934
47,King Albert Park,DT6,DT6,,,False,,,,,,,,6.0,,,,,,86568.5,79996.5,2.0,599987,22444.48957,35316.24791000001,1.335661613,103.7833991,Holland Road,Bukit Timah,Central,operational,False,False,"170A,174,961,154,157,74,970,151,852,77,961M,67",12,10840.0,POINT (1.335661613 103.7833991),19,3,2.0,1.0474326728686794,False,4.578800951430941,Jurong East,0.4228187919463087,0.5838926174496645,0.5369127516778524,0.2046979865771812,0.5805369127516778,0.16107382550335575,467
48,Sixth Avenue,DT7,DT7,,,False,,,,,,,,7.0,,,,,,52803.75,56256.0,2.0,269784,23947.74937,34785.0233,1.330857645,103.7969068,Coronation Road,Bukit Timah,Central,operational,False,False,"170A,174,961,154,157,74,970,151,852,77,961M,67,156",13,6690.0,POINT (1.330857645 103.7969068),23,3,3.0,1.3428375487294903,False,6.077242419253232,Jurong East,0.4630872483221477,0.4463087248322148,0.7516778523489933,0.34899328859060397,0.8456375838926175,-0.016778523489932858,356
49,Tan Kah Kee,DT8,DT8,,,False,,,,,,,,8.0,,,,,,65075.25,60294.25,1.0,266268,25155.62211,34198.80531,1.325556235,103.8077603,Coronation Road,Bukit Timah,Central,operational,False,False,"170A,174,961,154,157,74,151,852,961M,67,156",11,6690.0,POINT (1.325556235 103.8077603),20,0,4.0,0.8896428652671464,False,6.695115347666235,Raffles Place,0.3959731543624161,0.4463087248322148,0.8523489932885906,0.4697986577181208,0.3926174496644295,0.050335570469798696,368
50,Pasir Ris,EW1,EW1,,,False,,,,1.0,,,,,,,,,,401240.0,386808.5,0.0,519634,40905.59746000001,39449.98234,1.373043316,103.9492845,Pasir Ris Central,Pasir Ris,East,operational,True,False,"53A,53,359,88,403,12,5,15,17,3,68,15A,89,58B,518,81,4N,21,358,12e,354,89A,3A,6,39,518A,58,109",28,32240.0,POINT (1.373043316 103.9492845),19,10,1.0,1.965951907093692,False,2.2428913140207576,Tampines,0.8020134228187921,0.825503355704698,0.26174496644295303,0.07046979865771813,0.9798657718120806,0.023489932885906062,722
51,Kallang,EW10,EW10,,,False,,,,10.0,,,,,,,,,,142670.25,146412.25,0.0,387405,32236.60384,32643.33024,1.31148891,103.8713865,Boon Keng,Kallang,Central,operational,True,False,"26,7A,12,961M,2A,980,141,32,961,62,985,31,63A,853M,33,67,853,51,100,175,13,80,63,7,21,11,21A,2,197,140",30,11790.0,POINT (1.31148891 103.8713865),46,17,11.0,0.9658012889408452,False,3.763491111914984,Raffles Place,0.8389261744966443,0.6174496644295302,0.42953020134228187,0.8087248322147651,0.4899328859060403,-0.2214765100671141,4067
52,Lavender,EW11,EW11,,,False,,,,11.0,,,,,,,,,,215537.75,219922.0,2.0,208699,31277.40623,32188.73379,1.307377817,103.8627676,Lavender,Kallang,Central,operational,False,False,"107M,7A,12,961M,2A,980,32,133,961,63A,33,51,100,175,80,63,107,61,7,145,2,197",22,9690.0,POINT (1.307377817 103.8627676),44,26,16.0,0.7003291251881704,False,2.874820352400629,Raffles Place,0.7214765100671141,0.5302013422818792,0.3355704697986577,0.8926174496644296,0.19463087248322147,-0.1912751677852349,4453
53,Bugis,EW12/DT14,EW12,DT14,,True,,,,12.0,,,,14.0,,,,,,531980.25,553477.5,2.0,188022,30491.60007,31424.35127,1.300465085,103.8557067,Victoria,Rochor,Central,operational,False,True,"170A,130,7A,12,2A,2N,980,133,32,851,63A,48,33,851e,51,175,80,63,960,4N,61,7,145,57,12e,960e,2,197",28,1760.0,POINT (1.300465085 103.8557067),51,44,17.0,0.4984674235226166,False,1.8771511850231424,Raffles Place,0.8020134228187921,0.3355704697986577,0.2080536912751678,0.9127516778523491,0.12080536912751677,-0.4664429530201342,7952
54,City Hall,EW13/NS25,EW13,NS25,,True,25.0,,,13.0,,,,,,,,,,424303.5,437093.0,2.0,179100,30144.25038,30591.900810000006,1.292936722,103.8525856,City Hall,Downtown Core,Central,operational,False,True,"130,NR6,5N,195,850E,124,162M,7A,502,131,961M,2N,133,1N,111,32,656,961,851,665,162,660,NR5,195A,63A,166,36,16M,857,851e,502A,167,174,6N,652,51,NR8,175,14A,518,NR2,80,951E,63,77,960,36A,4N,174e,131A,14e,61,7,145,857B,106,NR1,3N,36B,960e,16,197,518A,663,14",65,80.0,POINT (1.292936722 103.8525856),51,44,21.0,0.2887792829093708,False,0.9876851859571854,Raffles Place,1.0,0.13758389261744966,0.08724832214765099,1.0,0.02348993288590604,-0.8624161073825504,9033
55,Raffles Place,EW14/NS26,EW14,NS26,,True,26.0,,,14.0,,,,,,,,,,435195.0,421867.25,1.0,48618,30019.18053,29617.61258,1.28412561,103.8514617,Raffles Place,Downtown Core,Central,operational,False,True,"130,850E,70,131,196A,196,656,665,162,660,868E,167,652,75,100,10e,10,196e,951E,107,131A,57,663",23,40.0,POINT (1.28412561 103.8514617),35,34,17.0,0.3874037875731798,True,0.0,Raffles Place,0.7550335570469798,0.12416107382550336,0.016778523489932886,0.9127516778523491,0.05704697986577181,-0.6308724832214765,8251
56,Tanjong Pagar,EW15,EW15,,,False,,,,15.0,,,,,,,,,,360700.5,378395.5,2.0,69119,29380.75674,28781.18833,1.276561317,103.8457252,Tanjong Pagar,Downtown Core,Central,operational,False,False,"186,672,670,653,651,671,131,666,656,970,655,665,660,167,652,661,654,667,57,668,657,400,663",23,670.0,POINT (1.276561317 103.8457252),32,21,11.0,0.6933177605293387,False,1.0555294077844253,Raffles Place,0.7550335570469798,0.23154362416107385,0.09395973154362416,0.8087248322147651,0.18791946308724836,-0.5234899328859061,6902
57,Outram Park,EW16/NE3,EW16,NE3,,True,,,,16.0,3.0,,,,,,,,,385618.0,367691.25,2.0,59816,28681.24929,29130.52227,1.279720594,103.8394399,Singapore General Hospital,Bukit Merah,Central,operational,True,True,"147,124,147A,12,961M,2,851,961,970,63A,33,CT8,166,851e,190,CT18,63,61,12e,143,54,197",22,10.0,POINT (1.279720594 103.8394399),39,31,9.0,0.7820598665815426,False,1.423362413498626,Raffles Place,0.7214765100671141,0.053691275167785234,0.15436241610738255,0.7785234899328859,0.2953020134228188,-0.6677852348993288,7069
58,Tiong Bahru,EW17,EW17,,,False,,,,17.0,,,,,,,,,,350869.5,372828.5,0.0,168731,27346.33227,29836.20442,1.286102536,103.8274451,Tiong Bahru Station,Bukit Merah,Central,operational,True,False,"5,33A,123,851,123M,122,195,33,121,195A,NR5,63,63A,16,16M",15,15120.0,POINT (1.286102536 103.8274451),49,31,4.0,1.2530779585060254,False,2.6788867588814638,Raffles Place,0.5302013422818792,0.6711409395973155,0.3087248322147651,0.4697986577181208,0.7751677852348994,0.14093959731543626,6830
59,Redhill,EW18,EW18,,,False,,,,18.0,,,,,,,,,,235756.25,245213.25,2.0,158792,26155.0535,30226.75978,1.2896345340000002,103.816741,Redhill,Bukit Merah,Central,operational,False,False,"32,145,33A,186,63,122,51,33,145A,64,970,139,120,NR5,63A,132",16,10620.0,POINT (1.2896345340000002 103.816741),39,18,2.0,1.2530779585060254,False,3.908097849352169,Raffles Place,0.5671140939597316,0.5771812080536913,0.4563758389261745,0.2046979865771812,0.7751677852348994,0.010067114093959773,1644
60,Queenstown,EW19,EW19,,,False,,,,19.0,,,,,,,,,,191998.0,181707.0,0.0,149729,24968.26735,30770.391110000004,1.294550852,103.8060772,Mei Chin,Queenstown,Central,operational,False,False,"111,186,145,195,51,64,970,195A,NR5",9,15570.0,POINT (1.294550852 103.8060772),30,8,2.0,1.2421582941611222,False,5.176712782653108,Raffles Place,0.2953020134228188,0.6778523489932886,0.6241610738255033,0.2046979865771812,0.7449664429530202,0.3825503355704698,1323
61,Tampines,EW2/DT32,EW2,DT32,,True,,,,2.0,,,,32.0,,,,,,715309.0,735502.0,0.0,529538,40444.9732,37267.02627,1.3533016759999998,103.9451446,Tampines East,Tampines,East,operational,True,True,"72,19,46,31A,293T,2N,68A,15,37,969A,129,29A,31,8,3,68,4,969,67,291T,15A,27,65,298,23,38,10,69,81,28,29,20,68B,127,21,127A,293,168,291,3A,27A,292",42,130980.0,POINT (1.3533016759999998 103.9451446),27,9,3.0,1.1027871225118029,True,0.0,Tampines,0.9261744966442952,0.9966442953020134,0.016778523489932886,0.34899328859060397,0.6543624161073825,0.07046979865771807,981
62,Commonwealth,EW20,EW20,,,False,,,,20.0,,,,,,,,,,208462.75,202702.25,0.0,149735,24094.79514,31649.59892,1.302501999,103.7982285,Commonwealth,Queenstown,Central,operational,False,False,"32,196,111,145,105,198,147,122,195,100,970,195A,NR5,61",14,7000.0,POINT (1.302501999 103.7982285),22,5,6.0,1.0303527305254971,False,6.260601830569838,Raffles Place,0.5,0.4563758389261745,0.7919463087248322,0.6610738255033557,0.5570469798657718,-0.043624161073825496,864
63,Dover,EW22,EW22,,,False,,,,22.0,,,,,,,,,,165194.0,168151.0,2.0,138677,21914.55093,32634.11863,1.311405293,103.7786378,Singapore Polytechnic,Queenstown,Central,operational,False,False,"105,147,106,NR8,74,NR5,166,185,14",9,100.0,POINT (1.311405293 103.7786378),27,6,4.0,1.3724341346400135,False,4.709315350653863,Jurong East,0.2953020134228188,0.1476510067114094,0.5570469798657718,0.4697986577181208,0.8657718120805369,-0.1476510067114094,691
64,Clementi,EW23,EW23,,,False,,,,23.0,,,,,,,,,,627584.5,662673.0,2.0,129580,20418.10551,33044.49447,1.315116253,103.7651915,Clementi Central,Clementi,West,operational,True,False,"147,154,5N,106A,196,284,99,105,201,NR5,285,166,185,96,NR8,175,7B,52,14,78,7,189,106,184,96B,165,183,105B,154B,96A,173,282,156",33,14000.0,POINT (1.315116253 103.7651915),20,4,1.0,1.5506778896737483,False,3.2412617799871386,Jurong East,0.8624161073825504,0.6442953020134228,0.3758389261744967,0.07046979865771813,0.9463087248322148,-0.2181208053691276,743
65,Jurong East,EW24/NS1,EW24,NS1,,True,1.0,,,24.0,,,,,,,,,,985138.25,998749.5,2.0,609690,17869.05705,35038.96887,1.333152816,103.7422863,Jurong Gateway,Jurong East,West,operational,True,True,"98M,97,506,98,143M,334,97e,105,160,183B,333,51A,197,167,51,49,160M,52,66,78,990,105B,41,183,143,160A,335",27,450.0,POINT (1.333152816 103.7422863),37,6,2.0,1.4855128960846855,True,0.0,Jurong East,0.7919463087248322,0.21476510067114093,0.016778523489932886,0.2046979865771812,0.9328859060402684,-0.5771812080536912,1341
66,Chinese Garden,EW25,EW25,,,False,,,,25.0,,,,,,,,,,136837.0,130517.25,0.0,609959,16790.74663,36056.30189,1.342352821,103.7325967,Lakeside (Leisure),Jurong East,West,operational,False,False,"180,335,180A",3,1070.0,POINT (1.342352821 103.7325967),36,7,2.0,1.3120340939234874,False,1.4855128960846855,Jurong East,0.1174496644295302,0.30201342281879195,0.17449664429530198,0.2046979865771812,0.8355704697986577,0.18456375838926176,977
67,Lakeside,EW26,EW26,,,False,,,,26.0,,,,,,,,,,506201.75,454782.5,0.0,649845,15494.49695,36267.14703,1.344259115,103.7209491,Taman Jurong,Jurong West,West,operational,False,False,"180,154B,98M,98A,246,187,154,98B,49,180A,98,240,240M,240A,154A,335",16,39920.0,POINT (1.344259115 103.7209491),19,6,2.0,1.3120340939234874,False,2.674180152250192,Jurong East,0.5671140939597316,0.8926174496644296,0.30201342281879195,0.2046979865771812,0.8355704697986577,0.325503355704698,591
68,Boon Lay,EW27,EW27,,,False,,,,27.0,,,,,,,,,,681791.25,779604.5,0.0,649846,13837.982719999998,35641.91912,1.338604055,103.7060646,Jurong West Central,Jurong West,West,operational,True,False,"246,249,974A,154,5N,180A,181,180,243G,405,242,79A,198,974,181M,157,178,258,240,NR5,240M,243W,193,30,179A,174,187,192,252,241,179,199,174e,79,172,251,194,198A,154B",39,63760.0,POINT (1.338604055 103.7060646),16,5,2.0,0.978469506613824,False,4.071943124358784,Jurong East,0.9093959731543624,0.9630872483221476,0.4697986577181208,0.2046979865771812,0.5067114093959731,0.05369127516778527,711
69,Pioneer,EW28,EW28,,,False,,,,28.0,,,,,,,,,,439003.0,343828.25,0.0,648310,12864.96983,35529.51155,1.337587011,103.6973216,Jurong West Central,Jurong West,West,operational,False,False,"193,502A,974A,5N,192,974,651,241,179,241A,502,258,185",13,63760.0,POINT (1.337587011 103.6973216),13,5,1.0,0.978469506613824,False,5.022747922500559,Jurong East,0.4630872483221477,0.9630872483221476,0.6040268456375839,0.07046979865771813,0.5067114093959731,0.5,626
70,Joo Koon,EW29,EW29,,,False,,,,29.0,,,,,,,,,,261623.0,265213.25,1.0,629116,10756.33797,34438.26178,1.327717041,103.678375,Joo Koon,Pioneer,West,operational,True,False,"99,254,257,255,193,252,974A,182,192,253,974,258,182M",13,30.0,POINT (1.327717041 103.678375),7,1,0.0,2.1853554634564847,False,7.13036104103914,Jurong East,0.4630872483221477,0.11073825503355704,0.8791946308724832,0.013422818791946308,0.9865771812080536,-0.3523489932885906,445
71,Simei,EW3,EW3,,,False,,,,3.0,,,,,,,,,,240202.0,239028.0,0.0,529888,41361.22817,36149.75278,1.343197079,103.9533772,Simei,Tampines,East,operational,False,False,"20,9A,5,38,4N,9",6,39450.0,POINT (1.343197079 103.9533772),25,9,6.0,0.9144152082956204,False,1.4491265706497145,Tampines,0.2046979865771812,0.8825503355704698,0.1610738255033557,0.6610738255033557,0.4429530201342282,0.6778523489932886,913
72,Gul Circle,EW30,EW30,,,False,,,,30.0,,,,,,,,,,67563.5,58921.0,1.0,637288,8770.351501000001,33526.57337,1.319470901,103.6605305,Gul Circle,Pioneer,West,operational,False,False,"192,193",2,20.0,POINT (1.319470901 103.6605305),2,0,1.0,1.2848036354872407,False,9.21484949045348,Jurong East,0.08053691275167785,0.09060402684563758,0.9731543624161074,0.07046979865771813,0.8154362416107382,0.010067114093959731,191
73,Tuas Crescent,EW31,EW31,,,False,,,,31.0,,,,,,,,,,70984.5,62332.25,1.0,639608,7495.837867,33698.726310000005,1.321026956,103.6490782,Tuas North,Tuas,West,operational,False,False,"254,247",2,30.0,POINT (1.321026956 103.6490782),4,0,2.0,1.2848036354872407,False,10.448848491215383,Jurong East,0.08053691275167785,0.11073825503355704,0.9865771812080536,0.2046979865771812,0.8154362416107382,0.030201342281879207,194
74,Tuas West Road,EW32,EW32,,,False,,,,32.0,,,,,,,,,,73748.25,68619.0,1.0,639609,6442.928612,34689.35177,1.329985047,103.6396166,Tuas Bay,Tuas,West,operational,False,False,"248M,254,193,192,248",5,10.0,POINT (1.329985047 103.6396166),6,0,2.0,1.2463794591223825,False,11.418701030380936,Jurong East,0.17114093959731544,0.053691275167785234,0.9932885906040269,0.2046979865771812,0.7550335570469798,-0.1174496644295302,158
75,Tuas Link,EW33,EW33,,,False,,,,33.0,,,,,,,,,,43759.0,43322.25,1.0,638418,6150.862788,35894.35822,1.340882425,103.6369914,Tuas Promenade,Tuas,West,operational,True,False,"248M,193,247,182,192,248,182M",7,10.0,POINT (1.340882425 103.6369914),0,0,1.0,1.2463794591223825,False,11.736584520205364,Jurong East,0.2348993288590604,0.053691275167785234,1.0,0.07046979865771813,0.7550335570469798,-0.1812080536912752,96
76,Tanah Merah,EW4,EW4,,,False,,,,4.0,,,,,,,,,,213956.0,192887.25,2.0,467356,40579.09978,34379.43168,1.327187291,103.9463486,Bedok South,Bedok,East,operational,False,False,"9A,24,35M,47,12e,9,45,35,14A,38,12,31,31A,48,2,2A,14",17,46690.0,POINT (1.327187291 103.9463486),25,5,3.0,1.8537477384446064,False,2.9068700284718134,Tampines,0.5939597315436241,0.9328859060402684,0.3422818791946309,0.34899328859060397,0.9731543624161074,0.3389261744966443,775
77,Bedok,EW5,EW5,,,False,,,,5.0,,,,,,,,,,464385.25,460489.25,0.0,467347,38757.95205,34024.70478,1.323979969,103.9299845,Bedok North,Bedok,East,operational,True,False,"9A,155,26,854,24,87,17A,7A,137,196A,401,18,228,222A,30e,196,9,32,60T,2A,229,17,31,25,33,222,60,16M,67,30,35M,854e,225W,33B,14A,38,69,28,4N,225G,7,222B,168,35,40,2,16,197,137A,14",50,81840.0,POINT (1.323979969 103.9299845),26,3,4.0,1.426259031656461,False,3.6702170876353453,Tampines,0.9865771812080536,0.9798657718120806,0.4161073825503356,0.4697986577181208,0.906040268456376,-0.0067114093959731455,1010
78,Kembangan,EW6,EW6,,,False,,,,6.0,,,,,,,,,,128632.75,154699.0,0.0,416551,36861.96149,33699.34405,1.321038134,103.9129479,Kembangan,Bedok,East,operational,False,False,"26,24,32,854,30,7,135,28,42,25,2,33,2A,67",14,37460.0,POINT (1.321038134 103.9129479),43,10,5.0,1.089727425685055,False,5.0676093222488285,Tampines,0.5,0.8657718120805369,0.610738255033557,0.5838926174496645,0.6208053691275168,0.3657718120805369,2663
79,Eunos,EW7,EW7,,,False,,,,7.0,,,,,,,,,,186464.75,217598.0,0.0,409423,35779.98835,33560.5859,1.319783549,103.9032258,Geylang East,Geylang,Central,operational,True,False,"26,155,24,854,60A,154,150,2,2A,60T,76,30e,2N,94,15,25,63A,60,67,22,93,30,51,13,28,63,55,61,94A,21,7,63M,966",33,29920.0,POINT (1.319783549 103.9032258),42,7,5.0,1.089727425685055,False,5.9670295284874655,Tampines,0.8624161073825504,0.8087248322147651,0.7248322147651006,0.5838926174496645,0.6208053691275168,-0.05369127516778527,3294
80,Paya Lebar,EW8/CC9,EW8,CC9,,True,,,9.0,8.0,,,,,,,,,,549158.0,562957.25,2.0,409049,34559.69169,33280.11819,1.317247385,103.8922608,Geylang East,Geylang,Central,operational,False,True,"26,155,24,135,154,70,137,2A,76,43,134,853M,67,30,51,13,43e,28,21,70A,70M,40,2,197",24,29920.0,POINT (1.317247385 103.8922608),46,9,7.0,1.030515264507648,False,5.842508641677273,Raffles Place,0.7818791946308725,0.8087248322147651,0.7046979865771812,0.714765100671141,0.5637583892617449,0.026845637583892582,3742
81,Aljunied,EW9,EW9,,,False,,,,9.0,,,,,,,,,,273550.75,270850.75,0.0,388310,33518.60487,33190.00202,1.316432612,103.882906,Aljunied,Geylang,Central,operational,False,False,"26,80A,137,2A,100A,158,62A,62,63A,853M,67,125,51,100,13,80,158A,63,21,125A,40,2",22,39990.0,POINT (1.316432612 103.882906),42,7,8.0,1.0438705859192288,False,5.012384629157316,Raffles Place,0.7214765100671141,0.906040268456376,0.5973154362416108,0.7550335570469798,0.5704697986577181,0.18456375838926176,3958
82,HarbourFront,NE1/CC29,NE1,CC29,,True,,,29.0,,1.0,,,,,,,,,459318.5,469893.0,2.0,98867,26688.0367,27545.853430000006,1.265389384,103.8215302,Maritime Square,Bukit Merah,Central,operational,True,True,"NR6,97,131,97e,188R,30e,166,963R,30,65,100,855,10,80,61,145,57,123M,NR1,143",20,3620.0,POINT (1.265389384 103.8215302),16,5,1.0,1.43567936200001,False,3.9258225906154496,Raffles Place,0.674496644295302,0.38926174496644295,0.4630872483221477,0.07046979865771813,0.9127516778523491,-0.28523489932885904,861
83,Potong Pasir,NE10,NE10,,,False,,,,,10.0,,,,,,,,,205775.75,212478.5,2.0,347694,31977.166760000004,34842.7251,1.33137949,103.8690557,Potong Pasir,Toa Payoh,Central,operational,False,False,"NR6,853,147,506,13,147A,107M,142A,142,853M,107,133",12,11720.0,POINT (1.33137949 103.8690557),40,6,5.0,0.8903224467183267,False,5.606602970589619,Raffles Place,0.4228187919463087,0.610738255033557,0.6845637583892618,0.5838926174496645,0.4060402684563759,0.18791946308724836,2974
84,Woodleigh,NE11,NE11,,,False,,,,,11.0,,,,,,,,,95206.0,90662.75,2.0,347695,32173.31857,35706.37936,1.339190045,103.8708183,Bidadari,Toa Payoh,Central,operational,True,False,"155,NR6,853,135,100A,147,506,100,13,147A,107M,853M,107,133",14,0.0,POINT (1.339190045 103.8708183),28,4,6.0,0.8903224467183267,False,6.489987518273555,Raffles Place,0.5,0.016778523489932886,0.8322147651006712,0.6610738255033557,0.4060402684563759,-0.4832214765100672,2383
85,Serangoon,NE12/CC13,NE12,CC13,,True,,,13.0,,12.0,,,,,,,,,396464.25,365645.5,0.0,556082,32390.68525,36971.75455,1.350633615,103.8727717,Serangoon Central,Serangoon,North-East,operational,True,True,"NR6,135,53,109A,147,506,101,147A,107M,70,116A,103,100A,133,58A,43,105,153,158,45,853M,70B,22,53M,43M,853,315,100,81,45A,107,70A,70M,317,82,116,58,109",38,24760.0,POINT (1.350633615 103.8727717),25,6,4.0,0.9643697811786576,False,7.765507496303116,Raffles Place,0.8959731543624161,0.7114093959731543,0.9328859060402684,0.4697986577181208,0.4798657718120805,-0.18456375838926176,1852
86,Kovan,NE13,NE13,,,False,,,,,13.0,,,,,,,,,285604.75,288440.5,0.0,534799,33758.7578,38027.27944,1.360179171,103.8850649,Kovan,Hougang,North-East,operational,False,False,"119,153,112,101,112A,82,107M,81,80,80A,115,113A,113,107,136",15,24810.0,POINT (1.360179171 103.8850649),27,7,2.0,1.4793041450757496,False,6.722325772437862,Tampines,0.5302013422818792,0.7181208053691275,0.8590604026845637,0.2046979865771812,0.9261744966442952,0.18791946308724827,1389
87,Hougang,NE14,NE14,,,False,,,,,14.0,,,,,,,,,435468.75,429617.5,0.0,538758,34572.87525,39256.12828,1.371292266,103.8923805,Hougang Central,Hougang,North-East,operational,True,False,"161,325,72,87,147,101,147A,107M,151,80A,324,329,153,112,62A,112A,62,132,102,27,89,6N,51,74,80,113,107,165,82,72A,89e,116",32,4720.0,POINT (1.371292266 103.8923805),24,8,2.0,1.2900278445587767,False,6.197197586193638,Tampines,0.8489932885906041,0.4228187919463087,0.7718120805369127,0.2046979865771812,0.825503355704698,-0.42617449664429535,1151
88,Buangkok,NE15,NE15,,,False,,,,,15.0,,,,,,,,,243492.25,238024.75,0.0,545061,34655.42506,40536.34017,1.38287002,103.89312259999998,Compassvale,Sengkang,North-East,operational,True,True,"102,27,43M,43,43e,114",6,20960.0,POINT (1.38287002 103.89312259999998),28,8,2.0,1.015775953249225,False,6.652238434240574,Tampines,0.2046979865771812,0.6845637583892618,0.8456375838926175,0.2046979865771812,0.5469798657718121,0.4798657718120806,1205
89,Sengkang,NE16/STC,NE16,STC,,True,,,,,16.0,,,,,,,,0.0,591570.0,618477.0,0.0,545062,34918.27401,41512.12769,1.391694626,103.8954847,Sengkang Town Centre,Sengkang,North-East,operational,True,False,"161,119,NR6,87,85A,80A,50,374,43,85,371,159A,102,27,43M,89,163A,43e,80,965T,965,109,163,372,159,86,83T,27A,89e,110,83,156",32,61790.0,POINT (1.391694626 103.8954847),31,10,2.0,1.015775953249225,False,6.978497696751568,Tampines,0.8489932885906041,0.953020134228188,0.87248322147651,0.2046979865771812,0.5469798657718121,0.1040268456375838,940
90,Punggol,NE17/PTC,NE17,PTC,,True,,,,,17.0,,,,0.0,,0.0,,,560504.0,545649.5,0.0,828868,35651.3828,42933.24827,1.404546537,103.9020726,Matilda,Punggol,North-East,operational,True,True,"381,119,117,34A,34,50,43,85,386,62A,62,386A,3,382A,117M,382,136,43M,6N,84,43e,382W,384,118,382G,83T,82,39,83",29,52200.0,POINT (1.404546537 103.9020726),22,7,1.0,1.6057802729190942,False,7.442719677699982,Tampines,0.8221476510067114,0.9395973154362416,0.906040268456376,0.07046979865771813,0.9664429530201344,0.1174496644295302,577
91,Chinatown,NE4/DT19,NE4,DT19,,True,,,,,4.0,,,19.0,,,,,,590519.25,581757.0,2.0,58362,29316.049,29628.47894,1.284223919,103.8451438,China Square,Outram,Central,operational,False,True,"186,147,124,147A,12,961M,2A,2,961,851,970,63A,33,CT8,166,851e,190,174,51,80,CT18,63,174e,61,145,12e,143,54,197",29,1430.0,POINT (1.284223919 103.8451438),39,40,16.0,0.4574257714124688,False,0.7024270458848155,Raffles Place,0.8221476510067114,0.3221476510067114,0.04697986577181208,0.8926174496644296,0.09395973154362416,-0.5,8152
92,Clarke Quay,NE5,NE5,,,False,,,,,5.0,,,,,,,,,135925.5,138023.5,2.0,59815,29473.12494,30088.70379,1.288386024,103.8465552,Clarke Quay,Singapore River,Central,operational,False,False,"NR6,5N,195,147,124,147A,12,961M,2N,2A,1N,32,851,961,195A,NR5,63A,33,166,851e,190,174,6N,51,NR8,NR3,NR2,80,63,4N,174e,61,145,12e,NR1,3N,2,54,197",39,130.0,POINT (1.288386024 103.8465552),48,45,18.0,0.4886781618252513,False,0.7224482438673576,Raffles Place,0.9093959731543624,0.1644295302013423,0.053691275167785234,0.9429530201342282,0.11409395973154365,-0.7449664429530201,8900
93,Little India,NE7/DT12,NE7,DT12,,True,,,,,7.0,,,12.0,,,,,,306848.5,326560.0,2.0,229900,29817.20857,32124.85018,1.306800197,103.84964709999998,Farrer Park,Rochor,Central,operational,False,True,"170A,NR6,147,5N,139,131,980,1N,56,851,48,166,67,857,851e,6N,64,65,23,960,131A,57,3N,960e",24,2660.0,POINT (1.306800197 103.84964709999998),56,46,18.0,0.4774197006579797,False,2.529355827776266,Raffles Place,0.7818791946308725,0.36577181208053694,0.2953020134228188,0.9429530201342282,0.10738255033557048,-0.4161073825503356,6498
94,Farrer Park,NE8,NE8,,,False,,,,,8.0,,,,,,,,,299396.75,336114.0,2.0,218703,30243.52065,32689.37956,1.311905573,103.8534777,Farrer Park,Rochor,Central,operational,False,False,"141,131",2,2660.0,POINT (1.311905573 103.8534777),53,42,14.0,0.7096527709885735,False,3.0971101073911154,Raffles Place,0.08053691275167785,0.36577181208053694,0.3624161073825503,0.8489932885906041,0.20134228187919465,0.2852348993288591,4792
95,Boon Keng,NE9,NE9,,,False,,,,,9.0,,,,,,,,,323272.75,288052.5,0.0,328260,31144.04501,33510.974610000005,1.319335709,103.8615695,Bendemeer,Kallang,Central,operational,False,False,"125,130,NR6,21,857,147,64,65,13,23,985,139,31,140,133",15,37570.0,POINT (1.319335709 103.8615695),50,17,10.0,0.648880450373166,False,4.073235695128358,Raffles Place,0.5302013422818792,0.87248322147651,0.4765100671140939,0.7919463087248322,0.15771812080536912,0.3422818791946308,3844
96,Admiralty,NS10,NS10,,,False,10.0,,,,,,,,,,,,,702827.25,616087.25,0.0,738344,24402.38663,46918.5068,1.440588562,103.8009905,Woodlands East,Woodlands,North,operational,False,False,"965A,913,962,912,965,962C,964,904,901M,NR2,965T,912A,969",13,98980.0,POINT (1.440588562 103.8009905),23,9,3.0,1.5358149236906202,False,1.5358149236906202,Woodlands,0.4630872483221477,0.9865771812080536,0.1812080536912752,0.34899328859060397,0.9395973154362416,0.5234899328859061,1101
97,Sembawang,NS11,NS11,,,False,11.0,,,,,,,,,,,,,603153.5,607191.5,0.0,759775,26522.98826,47854.19984,1.4490508219999998,103.82004609999998,Sembawang Central,Sembawang,North,operational,True,False,"858,962B,117,859B,858A,859A,980,656,856,962,883M,117M,167,859T,882,981,882A,NR2,859,883",20,34800.0,POINT (1.4490508219999998 103.82004609999998),22,4,1.0,1.262341332883728,False,3.8503782311469,Woodlands,0.674496644295302,0.8456375838926175,0.4429530201342282,0.07046979865771813,0.7953020134228188,0.17114093959731547,1040
98,Canberra,NS12,NS12,,,False,12.0,,,,,,,,,,,,,219265.0,202107.25,0.0,756972,27597.59694,47193.60088,1.443076641,103.8297026,Sembawang Springs,Sembawang,North,operational,False,False,"169A,117,883B,169,883,883M,117M",7,9090.0,POINT (1.443076641 103.8297026),21,3,2.0,1.262341332883728,False,4.707606121269792,Woodlands,0.2348993288590604,0.5033557046979866,0.5503355704697986,0.2046979865771812,0.7953020134228188,0.26845637583892623,913
99,Yishun,NS13,NS13,,,False,13.0,,,,,,,,,,,,,768740.75,815033.75,0.0,769093,28187.67882,45686.07054,1.429443085,103.835005,Yishun West,Yishun,North,operational,True,False,"858,854,965A,117,811,807,85A,103,852,860T,858A,811T,171,812,85,856,851,969A,883B,857A,807A,812T,860,800,853M,117M,883M,969,811A,853,851e,857,854e,859T,801,807B,806,803,855,804,805,965,965T,859,169A,857B,169,883,39",49,53910.0,POINT (1.429443085 103.835005),18,4,2.0,1.3597426732251896,False,5.283332244740035,Woodlands,0.976510067114094,0.9463087248322148,0.6375838926174496,0.2046979865771812,0.8557046979865772,-0.030201342281879207,750
100,Khatib,NS14,NS14,,,False,14.0,,,,,,,,,,,,,486945.5,441021.5,0.0,769092,27962.31086,44352.56799,1.41738337,103.8329799,Khatib,Yishun,North,operational,False,False,"858,854,670,117,850E,811,807,85A,852,860T,1N,811T,812,85,851,969A,857A,807A,812T,860,853M,117M,969,853,851e,857,854e,807B,117A,855,965,965T,857B,NR1,39",35,10250.0,POINT (1.41738337 103.8329799),16,2,1.0,1.3597426732251896,False,5.420305617016388,Woodlands,0.8791946308724832,0.5570469798657718,0.6644295302013423,0.07046979865771813,0.8557046979865772,-0.3221476510067114,643
101,Yio Chu Kang,NS15,NS15,,,False,15.0,,,,,,,,,,,,,344627.5,313783.25,2.0,569813,29294.12623,40413.06264,1.381755871,103.8449473,Yio Chu Kang,Ang Mo Kio,North-East,operational,True,False,"72,162M,70,852,860T,76,71,851,162,860,45,853M,851e,853,13,72B,668,70A,70M,NR1,86,825,72A",23,20.0,POINT (1.381755871 103.8449473),11,3,3.0,1.1048257783231272,False,8.7531553514516,Woodlands,0.7550335570469798,0.09060402684563758,0.953020134228188,0.34899328859060397,0.674496644295302,-0.6644295302013422,797
102,Ang Mo Kio,NS16,NS16,,,False,16.0,,,,,,,,,,,,,672066.25,730294.25,0.0,569812,29807.26115,39105.736,1.36993285,103.8495581,Cheng San,Ang Mo Kio,North-East,operational,True,False,"24,130,135,73T,268B,88,138,130A,88A,268C,133,76,268A,1N,50,269,269A,262,73,268,25,138B,132,166,CT8,136,22,159A,261,74,159B,88B,138A,159,265,86,165,169",38,28070.0,POINT (1.36993285 103.8495581),22,7,3.0,1.411041475227332,False,9.543676124509027,Raffles Place,0.8959731543624161,0.7583892617449665,0.9798657718120806,0.34899328859060397,0.8993288590604027,-0.13758389261744966,1502
103,Bishan,NS17/CC15,NS17,CC15,,True,17.0,,15.0,,,,,,,,,,,262513.0,162884.0,0.0,579842,29760.77555,37047.15733,1.351315801,103.8491403,Bishan East,Bishan,Central,operational,True,True,"53,88,13A,410W,50,56,71,410,59,55B,410G,13,52,55,57,NR1,54,58,156",19,28310.0,POINT (1.351315801 103.8491403),27,9,5.0,1.1184686069695264,False,7.475663791302881,Raffles Place,0.6409395973154363,0.7651006711409396,0.9127516778523491,0.5838926174496645,0.6979865771812079,0.12416107382550336,1530
104,Braddell,NS18,NS18,,,False,18.0,,,,,,,,,,,,,217247.75,199454.5,0.0,319756,29500.23495,35847.77198,1.340469001,103.8467991,Toa Payoh West,Toa Payoh,Central,operational,False,False,"231,59,235,129,232",5,14360.0,POINT (1.340469001 103.8467991),25,9,4.0,0.8202834801582316,False,6.286503438995613,Raffles Place,0.17114093959731544,0.6543624161073825,0.7986577181208053,0.4697986577181208,0.3322147651006712,0.4832214765100671,1623
105,Toa Payoh,NS19,NS19,,,False,19.0,,,,,,,,,,,,,498079.75,526341.0,0.0,319398,29578.48907,34980.89629,1.332629281,103.8475022,Toa Payoh Central,Toa Payoh,Central,operational,True,False,"26,155,73T,88,139,238,142A,141,56,105,153,129,90A,157,73,31,8,90,235,28,142,163,231,145,139M,159,NR1,232,143",29,28020.0,POINT (1.332629281 103.8475022),28,9,3.0,0.875233981198913,False,5.411293497503037,Raffles Place,0.8221476510067114,0.7516778523489933,0.6510067114093959,0.34899328859060397,0.3624161073825503,-0.07046979865771807,1435
106,Bukit Batok,NS2,NS2,,,False,2.0,,,,,,,,,,,,,412816.25,434027.75,0.0,659958,18679.32232,36794.92602,1.349033312,103.7495665,Bukit Batok Central,Bukit Batok,West,operational,True,False,"944,945,947,990,189,187,106,173A,991A,941,189A,106A,852,77,991,173,177,61",18,27290.0,POINT (1.349033312 103.7495665),23,7,2.0,1.0933838579349142,False,1.942452944262819,Jurong East,0.610738255033557,0.7449664429530202,0.2214765100671141,0.2046979865771812,0.6409395973154363,0.13422818791946312,1374
107,Novena,NS20,NS20,,,False,20.0,,,,,,,,,,,,,464148.5,453230.0,2.0,307642,29169.32979,33633.15354,1.320440791,103.8438256,Moulmein,Novena,Central,operational,False,False,"141,5,21,56,57,167,851,162M,162,131,143,54,166,131A,980",15,9300.0,POINT (1.320440791 103.8438256),45,31,7.0,1.1123052060464285,False,4.1263241319782455,Raffles Place,0.5302013422818792,0.5100671140939598,0.4899328859060403,0.714765100671141,0.6879194630872483,-0.020134228187919437,3077
108,Newton,NS21/DT11,NS21,DT11,,True,21.0,,,,,,,11.0,,,,,,698265.5,720389.75,2.0,228234,28519.28307,32735.07704,1.312318922,103.83798459999998,Newton Circus,Newton,Central,operational,False,True,"170A,143,5,167,NR1,124,162M,960e,518,162,48,960,54,518A,972M,67",16,250.0,POINT (1.312318922 103.83798459999998),48,36,8.0,1.1123052060464285,False,3.4745555928916363,Raffles Place,0.5671140939597316,0.19463087248322147,0.38926174496644295,0.7550335570469798,0.6879194630872483,-0.3724832214765101,3193
109,Orchard,NS22,NS22,,,False,22.0,,,,,,,,,,,,,654895.25,701426.25,2.0,237974,27783.69734,31709.53249,1.303044263,103.831375,Paterson,River Valley,Central,operational,False,True,"NR6,972A,5N,124,54,162M,190A,7A,2N,1N,111,5,16,162,NR5,36,16M,972,174,167,190,6N,NR8,65,NR3,175,NR2,518,77,4N,174e,972M,14e,7,123,106,NR1,3N,36B,143,36A,518A,14",43,240.0,POINT (1.303044263 103.831375),47,36,6.0,0.9112197934851248,False,3.0678221086385933,Raffles Place,0.9328859060402684,0.18456375838926176,0.3557046979865772,0.6610738255033557,0.436241610738255,-0.7483221476510067,3872
110,Somerset,NS23,NS23,,,False,23.0,,,,,,,,,,,,,345142.0,366791.5,2.0,238162,28641.834660000004,31402.12452,1.300264167,103.8390858,Somerset,Orchard,Central,operational,False,False,"NR6,5N,124,162M,7A,502,2N,1N,111,16,162,NR5,36,16M,972,502A,167,190,174,6N,NR8,65,NR3,175,7B,14A,NR2,77,4N,174e,972M,14e,7,123,106,NR1,3N,36B,143,36A,14",41,140.0,POINT (1.300264167 103.8390858),58,44,14.0,0.8003598194865517,False,2.261219385686831,Raffles Place,0.9194630872483222,0.17449664429530198,0.2751677852348993,0.8489932885906041,0.30201342281879195,-0.7449664429530202,7843
111,Dhoby Ghaut,NS24/NE6/CC1,NS24,NE6,CC1,True,24.0,,1.0,,6.0,,,,,,,,,398272.25,365639.0,2.0,238826,29423.98045,31229.31637,1.298701325,103.8461137,Dhoby Ghaut,Museum,Central,operational,False,True,"NR6,5N,972A,850E,124,162M,190A,7A,139,502,2N,1N,111,656,16,665,162,660,36,16M,972,502A,167,190,174,6N,652,65,64,175,7B,14A,518,951E,77,4N,174e,972M,14e,7,106,3N,36B,36A,518A,663,14",47,320.0,POINT (1.298701325 103.8461137),63,50,19.0,0.4719742960852416,False,1.7263457099095751,Raffles Place,0.9630872483221476,0.2080536912751678,0.20134228187919465,0.9697986577181208,0.10067114093959732,-0.7550335570469798,9489
112,Marina Bay,NS27/CE2,NS27,CE2,,True,27.0,,,,,,2.0,,,,,,,37991.25,37948.25,1.0,18925,30367.95472,28764.49593,1.276410299,103.8545955,Central Subzone,Downtown Core,Central,operational,False,True,"672,97,670,653,651,671,502,97e,982E,666,513,133,655,502A,661,654,667,668,657,106,400",21,880.0,POINT (1.276410299 103.8545955),25,21,11.0,0.3899002278523716,False,0.9259394808698478,Raffles Place,0.6979865771812079,0.2785234899328859,0.0738255033557047,0.8087248322147651,0.07046979865771813,-0.41946308724832215,6791
113,Marina South Pier,NS28,NS28,,,False,28.0,,,,,,,,,,,,,21891.0,22013.0,2.0,18948,31241.82601,28169.25109,1.271027036,103.8624475,Straits View,Straits View,Central,operational,False,False,400,1,0.0,POINT (1.271027036 103.8624475),15,13,6.0,1.0584154392390228,False,1.900751798662085,Raffles Place,0.0436241610738255,0.016778523489932886,0.21476510067114093,0.6610738255033557,0.5906040268456376,-0.026845637583892617,5397
114,Bukit Gombak,NS3,NS3,,,False,3.0,,,,,,,,,,,,,307691.25,297167.5,0.0,659083,18926.9127,37854.03588,1.3586115909999998,103.7517909,Guilin,Bukit Batok,West,operational,False,False,"945,NR8,3N,991C,991",5,12940.0,POINT (1.3586115909999998 103.7517909),22,8,3.0,1.0933838579349142,False,3.0216324820159315,Jurong East,0.17114093959731544,0.6308724832214765,0.34899328859060397,0.34899328859060397,0.6409395973154363,0.459731543624161,1126
115,Choa Chu Kang,NS4/BP1,NS4,BP1,,True,4.0,,,,,1.0,,,,,,,,555650.5,604776.5,0.0,689810,18101.2472,40812.12161,1.385363165,103.7443708,Choa Chu Kang Central,Choa Chu Kang,West,operational,True,False,"975A,974A,190A,927,991,188R,925,974,985,302,300,188,67,983,190,188e,NR3,307A,301,307,975B,172,975C,991B,3N,307T,983A,975,976",29,22530.0,POINT (1.385363165 103.7443708),15,11,1.0,1.3948533812923998,False,5.810148511406123,Jurong East,0.8221476510067114,0.6979865771812079,0.6979865771812079,0.07046979865771813,0.8825503355704698,-0.12416107382550336,491
116,Yew Tee,NS5,NS5,,,False,5.0,,,,,,,,,,,,,467981.5,444611.0,0.0,689715,18438.98312,42158.0181,1.397535069,103.7474052,Yew Tee,Choa Chu Kang,West,operational,False,False,"302A,NR3,307A,3N,302,307,979",7,40390.0,POINT (1.397535069 103.7474052),16,9,1.0,1.3948533812923998,False,6.216935058935253,Woodlands,0.2348993288590604,0.9194630872483222,0.7785234899328859,0.07046979865771813,0.8825503355704698,0.6845637583892618,517
117,Kranji,NS7,NS7,,,False,7.0,,,,,,,,,,,,,91261.25,102714.5,1.0,738702,20078.58651,45204.51685,1.425086981,103.7621375,Turf Club,Sungei Kadut,North,operational,False,False,"170A,925A,178A,925,961,160,925M,178,960,961M",10,670.0,POINT (1.425086981 103.7621375),12,1,1.0,1.5633572314718291,False,3.116726574550072,Woodlands,0.34899328859060397,0.23154362416107385,0.3691275167785235,0.07046979865771813,0.9563758389261744,-0.1174496644295302,283
118,Marsiling,NS8,NS8,,,False,8.0,,,,,,,,,,,,,333970.25,274719.0,0.0,739044,21407.04132,46026.51253,1.432521149,103.7740746,Woodlands West,Woodlands,North,operational,False,False,"913T,950,913M,926,963,961M,913,856,925,961,160,966A,912B,178,963R,187,963e,925M,912,960,925A,960e,966",23,33910.0,POINT (1.432521149 103.7740746),13,6,2.0,1.5633572314718291,False,1.5905236934967002,Woodlands,0.7550335570469798,0.8322147651006712,0.18791946308724836,0.2046979865771812,0.9563758389261744,0.07718120805369133,332
119,Woodlands,NS9/TE2,NS9,TE2,,True,9.0,,,,,,,,,2.0,,,,680750.0,789220.5,0.0,737736,22949.91913,46417.52233,1.436057617,103.7879388,Woodlands Regional Centre,Woodlands,North,operational,True,True,"858,161,169B,902,965A,913T,913M,950,926,963,961M,858A,903,856,913,962,925,961,966A,912B,178,665,904,903M,912M,969,963R,178A,187,912,963e,925M,964,901M,960,965,901,965T,900A,911,169A,925A,168,960e,169,900,966,912A,911T",49,10.0,POINT (1.436057617 103.7879388),17,8,4.0,1.1305081378587971,True,0.0,Woodlands,0.976510067114094,0.053691275167785234,0.016778523489932886,0.4697986577181208,0.7080536912751678,-0.9228187919463088,831
120,Woodlands North,TE1,TE1,,,False,,,,,,,,,,1.0,,,,61162.5,51863.75,1.0,737668,22699.99124,47770.39457,1.448292453,103.7856927,Greenwood Park,Woodlands,North,operational,False,False,856,1,40.0,POINT (1.448292453 103.7856927),18,8,2.0,1.3831727351816805,False,1.3831727351816805,Woodlands,0.0436241610738255,0.12416107382550336,0.14093959731543626,0.2046979865771812,0.87248322147651,0.08053691275167785,856
121,Woodlands South,TE3,TE3,,,False,,,,,,,,,,3.0,,,,84880.91667,75543.58333,0.0,737741,23542.55457,45459.75882,1.427396053,103.7932643,Woodlands South,Woodlands,North,operational,False,False,"665,901,901M",3,41000.0,POINT (1.427396053 103.7932643),17,8,2.0,1.1305081378587971,False,1.1305081378587971,Woodlands,0.1174496644295302,0.9261744966442952,0.10738255033557048,0.2046979865771812,0.7080536912751678,0.8087248322147651,669
122,Springleaf,TE4,TE4,,,False,,,,,,,,,,4.0,,,,33545.5,31873.58333,2.0,787140,26279.32794,42162.93444,1.397581061,103.8178569,Nee Soon,Yishun,North,operational,False,False,"138A,167,138,169,860,860T,980",7,890.0,POINT (1.397581061 103.8178569),0,0,0.0,2.3991979695943426,False,5.418959931224707,Woodlands,0.2348993288590604,0.2953020134228188,0.6577181208053692,0.013422818791946308,0.9932885906040269,0.06040268456375841,187
123,Lentor,TE5,TE5,,,False,,,,,,,,,,5.0,,,,23002.0,25352.0,0.0,789361,28269.89707,40827.79394,1.38550658,103.8357438,Tagore,Ang Mo Kio,North-East,operational,False,False,825,1,7950.0,POINT (1.38550658 103.8357438),9,3,2.0,1.1048257783231272,False,7.7353156131663825,Woodlands,0.0436241610738255,0.4899328859060403,0.9261744966442952,0.2046979865771812,0.674496644295302,0.4463087248322148,490
124,Mayflower,TE6,TE6,,,False,,,,,,,,,,6.0,,,,72446.08333,69023.66667,0.0,569900,28361.59505,39274.94719,1.371463188,103.8365678,Kebun Bahru,Ang Mo Kio,North-East,operational,False,False,"76,268A,71,268B,269,652,269A,262,265,268,CT8,268C,1N",13,22620.0,POINT (1.371463188 103.8365678),14,4,5.0,0.997068900762774,False,8.989475734829478,Woodlands,0.4630872483221477,0.7046979865771812,0.9597315436241609,0.5838926174496645,0.5234899328859061,0.24161073825503354,1255
125,Bright Hill,TE7,TE7,,,False,,,,,,,,,,7.0,,,,45470.0,45446.0,2.0,575737,27952.7071,38370.44389,1.363283185,103.8328936,Upper Thomson,Bishan,Central,operational,False,False,"410G,162M,52,162,410,410W",6,29390.0,POINT (1.363283185 103.8328936),17,6,4.0,0.9859378774865384,False,9.040709629259288,Raffles Place,0.2046979865771812,0.7919463087248322,0.9664429530201344,0.4697986577181208,0.5167785234899329,0.587248322147651,1113
126,Upper Thomson,TE8,TE8,,,False,,,,,,,,,,8.0,,,,61482.25,57785.25,2.0,577937,27953.2465,37390.00369,1.354416434,103.8328985,Upper Thomson,Bishan,Central,operational,False,False,"163,167,410G,165,162M,52,162,855,132,166,410,410W,980",13,29390.0,POINT (1.354416434 103.8328985),16,6,4.0,0.9638833601264524,False,8.08380970073053,Raffles Place,0.4630872483221477,0.7919463087248322,0.9463087248322148,0.4697986577181208,0.4664429530201342,0.3288590604026845,1070
127,Bukit Brown,CC18,CC18,,,,,,18.0,,,,,,,,,,,,,,299176,27707.41657,35102.48027,1.333728883,103.8306895,Mount Pleasant,Novena,Central,future,False,False,,0,690.0,POINT (1.333728883 103.8306895),21,6,6.0,0.7615128396420638,False,5.979500130717777,Raffles Place,0.016778523489932886,0.2449664429530201,0.7315436241610739,0.6610738255033557,0.2516778523489933,0.22818791946308725,882
128,Keppel,CC30,CC30,,,,,,30.0,,,,,,,,,,,,,,99423,27634.16874,28030.47992,1.269772201,103.8300315,City Terminals,Bukit Merah,Central,future,False,False,"NR6,145,30,57,97,NR1,100,80,10,131",10,20.0,POINT (1.269772201 103.8300315),26,10,7.0,0.8542309095613602,False,2.8675482311534783,Raffles Place,0.34899328859060397,0.09060402684563758,0.3288590604026846,0.714765100671141,0.3422818791946309,-0.2583892617449665,4466
129,Cantonment,CC31,CC31,,,,,,31.0,,,,,,,,,,,,,,89395,28416.648460000004,28373.25579,1.272872146,103.8370623,Everton Park,Bukit Merah,Central,future,False,False,"145,30,57,97,100,80,10,131,97e",9,7810.0,POINT (1.272872146 103.8370623),32,13,13.0,0.8060782240329794,False,2.031796193657291,Raffles Place,0.2953020134228188,0.4832214765100672,0.22818791946308725,0.8322147651006712,0.3087248322147651,0.18791946308724836,6512
130,Prince Edward Road,CC32,CC32,,,,,,32.0,,,,,,,,,,,,,,79122,29533.44444,28404.75026,1.273156936,103.84709709999998,Central Subzone,Downtown Core,Central,future,False,False,"130,186,672,670,653,850E,651,671,70,666,196A,513,133,196,656,970,655,665,162,660,167,652,75,661,654,951E,196e,667,107,668,657,106,400,663",34,880.0,POINT (1.273156936 103.84709709999998),25,18,15.0,0.4081170103269432,False,1.312628000248778,Raffles Place,0.87248322147651,0.2785234899328859,0.1342281879194631,0.87248322147651,0.08053691275167785,-0.5939597315436241,6227
131,Xilin,DT36,DT36,,,,,,,,,,,36.0,,,,,,,,,486800,42643.96238,34569.6853,1.328906949,103.9649026,Xilin,Tampines,East,future,False,False,"35M,35",2,1760.0,POINT (1.328906949 103.9649026),9,2,3.0,0.7729440978241127,False,3.4902941936451164,Tampines,0.08053691275167785,0.3355704697986577,0.3959731543624161,0.34899328859060397,0.2885906040268457,0.2550335570469799,387
132,Punggol Coast,NE18,NE18,,,,,,,,18.0,,,,,,,,,,,,828604,36552.07067,44081.13346000001,1.414927334,103.9101664,Northshore,Punggol,North-East,future,False,False,,0,460.0,POINT (1.414927334 103.9101664),15,5,1.0,1.4635165777843375,False,7.878756704031775,Tampines,0.016778523489932886,0.2214765100671141,0.9395973154362416,0.07046979865771813,0.9194630872483222,0.2046979865771812,334
133,Mount Pleasant,TE10,TE10,,,,,,,,,,,,,10.0,,,,,,,299781,28208.11219,34531.43523,1.328564555,103.8351886,Mount Pleasant,Novena,Central,future,False,False,,0,690.0,POINT (1.328564555 103.8351886),28,9,7.0,0.7615128396420638,False,5.262112332317242,Raffles Place,0.016778523489932886,0.2449664429530201,0.6308724832214765,0.714765100671141,0.2516778523489933,0.22818791946308725,1201
134,Napier,TE12,TE12,,,,,,,,,,,,,12.0,,,,,,,258511,26402.80266,32122.95592,1.306783078,103.818967,Nassim,Tanglin,Central,future,False,False,"7,123,105,174,106,NR8,75,7B,77,174e",10,9520.0,POINT (1.306783078 103.818967),38,23,7.0,0.7294004686571046,False,4.4041146193941225,Raffles Place,0.34899328859060397,0.5201342281879194,0.5167785234899329,0.714765100671141,0.22483221476510068,0.1711409395973154,1474
135,Orchard Boulevard,TE13,TE13,,,,,,,,,,,,,13.0,,,,,,,248654,26948.29454,31640.75525,1.302422248,103.8238685,One Tree Hill,River Valley,Central,future,False,False,"111,7,105,174,123,106,NR8,75,77,132,174e",11,2070.0,POINT (1.302422248 103.8238685),42,24,9.0,0.7294004686571046,False,3.680810380689096,Raffles Place,0.3959731543624161,0.3557046979865772,0.4228187919463087,0.7785234899328859,0.22483221476510068,-0.040268456375838924,1874
136,Great World,TE15,TE15,,,,,,,,,,,,,15.0,,,,,,,238384,28044.76787,30703.73245,1.293948162,103.8337208,Institution Hill,River Valley,Central,future,False,False,"5,195,75,175,970,195A,NR5,16,16M",9,3150.0,POINT (1.293948162 103.8337208),48,40,14.0,0.6054113511261929,False,2.2544419116132595,Raffles Place,0.2953020134228188,0.3758389261744967,0.2684563758389262,0.8489932885906041,0.14429530201342286,0.08053691275167785,8226
137,Havelock,TE16,TE16,,,,,,,,,,,,,16.0,,,,,,,168604,28029.743660000004,30101.88222,1.28850524,103.8335858,Bukit Ho Swee,Bukit Merah,Central,future,False,False,"5,186,123,6N,195,5N,51,75,64,121,175,970,3N,16,4N,2N,16M,1N",18,14390.0,POINT (1.28850524 103.8335858),46,36,15.0,0.6054113511261929,False,2.0460106037208217,Raffles Place,0.610738255033557,0.6644295302013423,0.2348993288590604,0.87248322147651,0.14429530201342286,0.05369127516778527,7977
138,Maxwell,TE18,TE18,,,,,,,,,,,,,18.0,,,,,,,58841,29175.80884,29220.38855,1.280533298,103.8438837,Chinatown,Outram,Central,future,False,False,"145,197,80,166,61",5,10490.0,POINT (1.280533298 103.8438837),37,35,20.0,0.4336279959323641,False,0.9323283783440104,Raffles Place,0.17114093959731544,0.5671140939597316,0.08053691275167785,0.9865771812080536,0.08724832214765099,0.3959731543624161,7711
139,Shenton Way,TE19,TE19,,,,,,,,,,,,,19.0,,,,,,,18928,29897.41915,28908.96172,1.277716828,103.8503676,Central Subzone,Downtown Core,Central,future,False,False,"130,186,672,97,670,653,850E,651,671,70,502,131,97e,982E,666,196A,513,133,196,656,970,655,665,162,660,167,652,75,100,661,10e,10,654,951E,667,196e,131A,107,57,668,657,106,400,663",44,880.0,POINT (1.277716828 103.8503676),28,24,18.0,0.3355255971953408,False,0.7229290360494219,Raffles Place,0.9429530201342282,0.2785234899328859,0.060402684563758385,0.9429530201342282,0.04697986577181208,-0.6644295302013423,7220
140,Tanjong Rhu,TE23,TE23,,,,,,,,,,,,,23.0,,,,,,,436488,32466.634530000007,31070.53549,1.297265079,103.8734533,Tanjong Rhu,Kallang,Central,future,False,False,"11,158,158A",3,11110.0,POINT (1.297265079 103.8734533),36,20,7.0,0.6514415321920309,False,2.848046429613213,Raffles Place,0.1174496644295302,0.5939597315436241,0.3221476510067114,0.714765100671141,0.16778523489932887,0.4765100671140939,3299
141,Katong Park,TE24,TE24,,,,,,,,,,,,,24.0,,,,,,,437870,33882.89095,31133.19094,1.297831478,103.8861789,Mountbatten,Marine Parade,Central,future,False,False,"30,158,158A,401,30e",5,9980.0,POINT (1.297831478 103.8861789),35,9,5.0,1.0153838697892037,False,4.149408186636342,Raffles Place,0.17114093959731544,0.5469798657718121,0.4966442953020134,0.5838926174496645,0.5369127516778524,0.3758389261744967,1424
142,Tanjong Katong,TE25,TE25,,,,,,,,,,,,,25.0,,,,,,,439846,35128.21199,31297.73082,1.299319257,103.8973687,Mountbatten,Marine Parade,Central,future,False,False,"48,36A,36B,36",4,9980.0,POINT (1.299319257 103.8973687),32,8,4.0,0.9222407817804888,False,5.375706711592678,Raffles Place,0.14093959731543626,0.5469798657718121,0.6442953020134228,0.4697986577181208,0.4530201342281879,0.4060402684563759,1266
143,Marine Parade,TE26,TE26,,,,,,,,,,,,,26.0,,,,,,,449971,35975.61075,31661.80799,1.302611635,103.9049831,Marine Parade,Marine Parade,Central,future,False,False,"135,196A,401,196,43,15,966A,134,31,48,853M,36,47,43e,196e,36B,36A,197,966",19,26880.0,POINT (1.302611635 103.9049831),29,7,4.0,0.9222407817804888,False,6.29486444955078,Raffles Place,0.6409395973154363,0.7348993288590604,0.8120805369127517,0.4697986577181208,0.4530201342281879,0.09395973154362414,1273
144,Marine Terrace,TE27,TE27,,,,,,,,,,,,,27.0,,,,,,,449970,37102.26344,32110.05443,1.306665103,103.9151067,Marine Parade,Marine Parade,Central,future,False,False,"150,196A,196,43,16,134,31,48,853M,36,16M,47,13,196e,4N,55,36B,36A,197",19,26880.0,POINT (1.306665103 103.9151067),29,7,4.0,1.2123039356162169,False,6.1678205544881735,Tampines,0.6409395973154363,0.7348993288590604,0.7651006711409396,0.4697986577181208,0.7382550335570469,0.09395973154362414,1001
145,Siglap,TE28,TE28,,,,,,,,,,,,,28.0,,,,,,,449969,38762.61178,32479.8152,1.310008551,103.9300258,Frankel,Bedok,East,future,False,False,"196,155,43,197,47,36,36B,196A,31,196e,48,853M,36A,4N,55,401",16,34490.0,POINT (1.310008551 103.9300258),25,3,3.0,1.4085811305105205,False,5.098926170332046,Tampines,0.5671140939597316,0.8389261744966443,0.6174496644295302,0.34899328859060397,0.8926174496644296,0.27181208053691275,681
146,Bayshore,TE29,TE29,,,,,,,,,,,,,29.0,,,,,,,469958,40129.48783,32824.19446,1.313122483,103.942308,Bayshore,Bedok,East,future,False,False,,0,7450.0,POINT (1.313122483 103.942308),20,3,5.0,0.8734532228741905,False,4.47883653437867,Tampines,0.016778523489932886,0.4697986577181208,0.5234899328859061,0.5838926174496645,0.3523489932885906,0.4530201342281879,511
147,Bedok South,TE30,TE30,,,,,,,,,,,,,30.0,,,,,,,468324,40908.86292,33218.0453,1.316684007,103.9493112,Bayshore,Bedok,East,future,False,False,"43,229,25,46,13,10e,14A,10,137,853M,55,14",12,7450.0,POINT (1.316684007 103.9493112),16,4,3.0,0.8734532228741905,False,4.097958967336082,Tampines,0.4228187919463087,0.4697986577181208,0.4832214765100672,0.34899328859060397,0.3523489932885906,0.04697986577181207,493
148,Sungei Bedok,TE31 / DT37,TE31,DT37,,,,,,,,,,37.0,,31.0,,,,,,,469731,41784.9899,33629.14833,1.320401487,103.9571838,Bayshore,Bedok,East,future,False,True,"10e,14A,10,45,14",5,7450.0,POINT (1.320401487 103.9571838),12,2,5.0,0.9678729300892264,False,3.895451851918273,Tampines,0.17114093959731544,0.4697986577181208,0.44966442953020136,0.5838926174496645,0.4966442953020134,0.2986577181208053,460
